Q100,Q102,Q105,Q106,Q105_a,Q113,Q113_A,Q116,Q116_A,Q117,Q118,tHFA_A001,tHFA_A002,HIV,TB,Malaria,ANC,Immu,Quality_Score,HW_Competence_Score,HW_Check,ANC_score,ART_score,TB_score,Patient_Centeredness_Score,PC_Individuals,PC_attributes,PC_avg_Communication,PC_avg_Respect,PC_avg_Autonomy,PC_avg_Confidentiality,PC_avg_Social support,PC_avg_HW told,PC_avg_Danger signs,PC_avg_Rudeness,PC_avg_Challenges,iss_score,iss_check,fac_iss,fac_tech,fac_stats,fac_group_PS,fac_comms_data,HTM-ANC,hiv testing,ART access,iptp scores,TB screening,system_CHW_score,chw_count,chw_show,chw_iss,chw_contract,chw_paid,chw_tools,facility_composite,HTM-ANC,presence_score,caseload,ANC_score,DPT_score,TB_treatment_completion,ART_retention,CHW_count,CHW_paid,CHW_scores,CLM_score,guideline_score,guide_HIV_test,guide_ART,guide_TB,guide_malaria,guide_anc,guide_immu,guide_imci,oxygen_score,oxygen_avl,oxygen_avo,test-capac,test-capac_check,with lab,without lab,vacancy_score,all_funded_posts,all_unfilled_posts
COG_000029,Kibouendé Centre de Santé Intégré,Brazzaville,,PRIMARY,HEALTH CENTRE,,HEALTH CENTER,,RURAL,OUTPATIENT ONLY,PRIMARY,34507,100,0,100,100,100,64.16666667,61.66666667,"[90.0, 90.0, 90.0, 90.0, 90.0, 0.0, 33.333333333333336, 33.333333333333336, 50.0, 50.0]",90,33.33333333,,66.66666667,"[66.66666666666667, nan, nan, nan, nan]","[100, 100, 0, 100, 0, 100, 0, 100, 100, nan, nan, nan, nan, nan, nan, nan, nan, nan, nan, nan, nan, nan, nan, nan, nan, nan, nan, nan, nan, nan, nan, nan, nan, nan, nan, nan, nan, nan, nan, nan, nan, nan, nan, nan, nan]",100,100,0,100,0,100,0,100,100,100,"[100, 100, 100, 100]",100,100,100,100,100,66.66666667,100,,100,0,0,3,"[0.0, 0.0, 0.0]",0,0,0,0,59.61649501,66.66666667,100,0.208333333,100,90.82397004,,0,3,0,"[0, 0, 0]",100,100,100,100,,100,100,100,100,,,,25.92592593,"[100, 0, 0, 0, 100, 0, 0, 100, 0, 0, 100, 0, 0, 100, 100, 100, 0, 0, 0, 0, 0, 0, 0, 0, 0, 0, 0]",25.92592593,,100,16,16
COG_000282,Mossaka Hopital de Base,Cuvette,,SECONDARY,DISTRICT HOSPITAL,,HOSPITAL,,URBAN,BOTH OUT AND INPATIENT,SECONDARY,98574,100,100,100,0,0,5,5,"[0.0, 0.0, 0.0, 0.0, 0.0, 0.0, 50.0, 0.0, 0.0, 0.0]",,0,10,,"[nan, nan, nan, nan, nan]","[nan, nan, nan, nan, nan, nan, nan, nan, nan, nan, nan, nan, nan, nan, nan, nan, nan, nan, nan, nan, nan, nan, nan, nan, nan, nan, nan, nan, nan, nan, nan, nan, nan, nan, nan, nan, nan, nan, nan, nan, nan, nan, nan, nan, nan]",,,,,,,,,,100,"[100, 100, 100, nan]",100,100,100,100,,,,,,,,0,[],,,,,58.69047619,,100,1.428571429,,,33.33333333,100,0,,[],0,40,0,0,0,100,,,100,,,,25.92592593,"[100, 0, 0, 0, 100, 100, 0, 0, 0, 0, 0, 100, 0, 0, 100, 100, 0, 0, 0, 100, 0, 0, 0, 0, 0, 0, 0]",25.92592593,,71.42857143,35,25
COG_000011,Q58 Centre de Santé Intégré,Brazzaville,,PRIMARY,HEALTH CENTRE,,HEALTH CENTER,,URBAN,OUTPATIENT ONLY,PRIMARY,34408,100,0,100,100,100,66.77083333,61.66666667,"[70.0, 70.0, 70.0, 60.0, 50.0, 50.0]",67.5,50,,71.875,"[71.875, nan, nan, nan, nan]","[50, 100, 50, 75, nan, 100, 0, 100, 100, nan, nan, nan, nan, nan, nan, nan, nan, nan, nan, nan, nan, nan, nan, nan, nan, nan, nan, nan, nan, nan, nan, nan, nan, nan, nan, nan, nan, nan, nan, nan, nan, nan, nan, nan, nan]",50,100,50,75,,100,0,100,100,0,[],0,,,,,58.33333333,66.66666667,100,100,0,0,1,[0.0],0,0,0,0,44.04899931,58.33333333,62.5,0.5,50,92.96066253,,0,1,0,[0],33.33333333,33.33333333,0,0,,100,0,100,0,,,,,[nan],,,0,7,0
COG_000026,Madame Centre de Santé Intégré,Brazzaville,,PRIMARY,HEALTH CENTRE,,HEALTH CENTER,,URBAN,BOTH OUT AND INPATIENT,PRIMARY,17373,100,0,100,100,100,33.33333333,33.33333333,"[20.0, 30.0, 33.333333333333336, 50.0]",27.77777778,50,,,"[nan, nan, nan, nan, nan]","[nan, nan, nan, nan, nan, nan, nan, nan, nan, nan, nan, nan, nan, nan, nan, nan, nan, nan, nan, nan, nan, nan, nan, nan, nan, nan, nan, nan, nan, nan, nan, nan, nan, nan, nan, nan, nan, nan, nan, nan, nan, nan, nan, nan, nan]",,,,,,,,,,100,"[100, 100, 100, nan]",100,100,100,100,,50,100,100,66.66666667,0,,0,[],,,,,46.15384615,50,34.61538462,0,,,,100,0,,[],16.66666667,50,0,100,,0,0,100,100,,,,33.33333333,"[100, 100, 0, 100, 100, 100, 0, 100, 100, 0, 0, 0, 0, 0, 100, 100, 0, 0, 0, 0, 0, 0, 0, 0, 0, 0, 0]",33.33333333,,26.66666667,15,4
COG_000028,Kingouari Centre de Santé Intégré,Brazzaville,,PRIMARY,HEALTH CENTRE,,INTEGRATED HEALTH CENTER,,URBAN,BOTH OUT AND INPATIENT,PRIMARY,29937,100,0,100,100,100,45.40625,8,"[20.0, 30.0, 20.0, 10.0, 0.0, 0.0, 0.0, 0.0, 0.0, 0.0]",16,0,,82.8125,"[84.375, 81.25, nan, nan, nan]","[75, 75, 75, 75, 75, 100, 100, 100, nan, 50, 75, 75, 75, 75, 100, 100, 100, nan, nan, nan, nan, nan, nan, nan, nan, nan, nan, nan, nan, nan, nan, nan, nan, nan, nan, nan, nan, nan, nan, nan, nan, nan, nan, nan, nan]",62.5,75,75,75,75,100,100,100,,100,"[100, 100, 100, 100]",100,100,100,100,100,46.66666667,80,,60,0,,0,[],,,,,43.87179487,46.66666667,65,7.692307692,,100,,0,0,,[],100,50,100,0,,100,0,100,0,,,,25.92592593,"[100, 100, 0, 0, 100, 100, 0, 100, 0, 0, 0, 0, 0, 0, 100, 100, 0, 0, 0, 0, 0, 0, 0, 0, 0, 0, 0]",25.92592593,,3.571428571,28,1
COG_000058,Hinda Centre de Santé Intégré,Kouilou,,PRIMARY,HEALTH CENTRE,,INTEGRATED HEALTH CENTER,,RURAL,OUTPATIENT ONLY,PRIMARY,5982,100,100,100,100,100,48.33333333,48.33333333,"[50.0, 60.0, 50.0, 60.0, 70.0, 0.0]",58,,0,,"[nan, nan, nan, nan, nan]","[nan, nan, nan, nan, nan, nan, nan, nan, nan, nan, nan, nan, nan, nan, nan, nan, nan, nan, nan, nan, nan, nan, nan, nan, nan, nan, nan, nan, nan, nan, nan, nan, nan, nan, nan, nan, nan, nan, nan, nan, nan, nan, nan, nan, nan]",,,,,,,,,,100,"[100, 100, 100, 100]",100,100,100,100,100,60,100,,80,0,8.333333333,3,"[0.0, 25.0, 0.0]",33.33333333,0,0,0,41.46977373,60,71.42857143,2,20,95.39007092,0,,3,0,"[0, 0, 0]",83.33333333,71.42857143,0,100,100,100,100,100,0,,,,48.14814815,"[100, 100, 100, 0, 100, 100, 100, 100, 0, 0, 0, 0, 0, 100, 100, 100, 100, 0, 0, 0, 0, 0, 0, 100, 0, 100, 0]",48.14814815,,11.76470588,17,2
COG_000048,Mongo Tandou Centre de Santé Intégré,Kouilou,,PRIMARY,HEALTH CENTRE,,INTEGRATED HEALTH CENTER,,RURAL,OUTPATIENT ONLY,PRIMARY,5612,100,0,100,100,100,,,[],,,,,"[nan, nan, nan, nan, nan]","[nan, nan, nan, nan, nan, nan, nan, nan, nan, nan, nan, nan, nan, nan, nan, nan, nan, nan, nan, nan, nan, nan, nan, nan, nan, nan, nan, nan, nan, nan, nan, nan, nan, nan, nan, nan, nan, nan, nan, nan, nan, nan, nan, nan, nan]",,,,,,,,,,100,"[100, 100, 100, 100]",100,100,100,100,100,,,,,,0,1,[0.0],0,0,0,0,50,,100,0,,,,,1,0,[0],16.66666667,33.33333333,0,0,,100,0,100,0,,,,22.22222222,"[100, 0, 0, 0, 100, 0, 0, 0, 0, 0, 0, 0, 0, 0, 100, 100, 100, 0, 100, 0, 0, 0, 0, 0, 0, 0, 0]",22.22222222,,14.28571429,7,1
COG_000094,Centre antituberculeux (CAT) (Pointe Noire),Pointe Noire,,TERTIARY,HEALTH CENTRE,,HEALTH CENTER,,URBAN,OUTPATIENT ONLY,TERTIARY,2000,100,100,100,0,100,92.22222222,96.66666667,"[100.0, 100.0, 100.0, 66.66666666666667, 100.0, 100.0, 100.0, 100.0, 100.0, 100.0]",,93.33333333,100,87.77777778,"[83.33333333333333, 88.88888888888889, 88.88888888888889, 88.88888888888889, 88.88888888888889]","[100, 100, 100, 100, 50, 100, 100, 100, 0, 100, 100, 100, 100, 100, 100, 100, 100, 0, 100, 100, 100, 100, 100, 100, 100, 100, 0, 100, 100, 100, 100, 100, 100, 100, 100, 0, 100, 100, 100, 100, 100, 100, 100, 100, 0]",100,100,100,100,90,100,100,100,0,0,[],0,,,,,,,,,,0,2,"[0.0, 0.0]",0,0,0,0,28.16666667,,62.5,22,,,,0,2,0,"[0, 0]",83.33333333,100,100,100,100,100,,100,,,,,85.18518519,"[0, 100, 0, 100, 100, 100, 0, 100, 100, 100, 100, 100, 100, 100, 100, 100, 100, 100, 100, 100, 100, 100, 100, 100, 100, 100, 0]",85.18518519,,25,12,3
COG_000316,Garnison Centre de Santé Intégré,Likouala,,PRIMARY,HEALTH CENTRE,,INFIRMARY,,URBAN,BOTH OUT AND INPATIENT,PRIMARY,600,100,0,100,0,0,68.75,,[],,,,68.75,"[75.0, 62.5, nan, nan, nan]","[75, 25, 100, 100, 0, 100, 100, 100, nan, 0, 0, 25, 100, 75, 100, 100, 100, nan, nan, nan, nan, nan, nan, nan, nan, nan, nan, nan, nan, nan, nan, nan, nan, nan, nan, nan, nan, nan, nan, nan, nan, nan, nan, nan, nan]",37.5,12.5,62.5,100,37.5,100,100,100,,100,"[100, 100, 100, 100]",100,100,100,100,100,,,,,,,0,[],,,,,52.5,,100,5,,,,,0,,[],100,33.33333333,0,,,100,,,0,,,,0,"[0, 0, 0, 0, 0, 0, 0, 0, 0, 0, 0]",,0,28.57142857,14,4
COG_000056,Les Saras Centre de Santé Intégré,Kouilou,,PRIMARY,HEALTH CENTRE,,INTEGRATED HEALTH CENTER,,RURAL,OUTPATIENT ONLY,PRIMARY,5843,100,0,100,100,100,66.625,52,"[50.0, 30.0, 60.0, 60.0, 60.0]",52,,,81.25,"[81.25, nan, nan, nan, nan]","[100, 100, 75, 75, 100, 100, 0, 100, nan, nan, nan, nan, nan, nan, nan, nan, nan, nan, nan, nan, nan, nan, nan, nan, nan, nan, nan, nan, nan, nan, nan, nan, nan, nan, nan, nan, nan, nan, nan, nan, nan, nan, nan, nan, nan]",100,100,75,75,100,100,0,100,,75,"[100, 0, 100, 100]",100,100,0,100,100,60,100,,80,0,25,1,[25.0],100,0,0,0,56.72916667,60,100,8.333333333,20,95.3125,,,1,0,[0],100,60,0,,,100,100,100,0,,,,18.51851852,"[0, 0, 0, 0, 100, 0, 0, 0, 0, 0, 0, 0, 0, 0, 100, 100, 0, 0, 100, 0, 0, 0, 0, 0, 0, 0, 100]",18.51851852,,12.5,8,1
COG_000277,Juillet 31 Hôpital Général,Cuvette,,TERTIARY,OTHER (SPECIFY),Hôpital général,HOSPITAL,,URBAN,BOTH OUT AND INPATIENT,TERTIARY,9,100,0,100,0,0,47.22222222,0,"[0.0, 0.0, 0.0, 0.0, 0.0]",,0,,94.44444444,"[100.0, 88.88888888888889, nan, nan, nan]","[100, 100, 100, 100, 100, 100, 100, 100, 100, 100, 100, 100, 100, 100, 100, 100, 100, 0, nan, nan, nan, nan, nan, nan, nan, nan, nan, nan, nan, nan, nan, nan, nan, nan, nan, nan, nan, nan, nan, nan, nan, nan, nan, nan, nan]",100,100,100,100,100,100,100,100,50,0,[],0,,,,,,,,,,,0,[],,,,,0,,,,,,,0,0,,[],0,25,0,0,,100,,,0,100,100,100,55.55555556,"[100, 100, 0, 0, 100, 100, 0, 100, 100, 0, 100, 100, 100, 0, 100, 100, 100, 100, 0, 100, 0, 0, 100, 0, 0, 0, 0]",55.55555556,,,999,999
COG_000053,Louvoulou Centre de Santé Intégré,Kouilou,,PRIMARY,HEALTH CENTRE,,HEALTH CENTER,,RURAL,OUTPATIENT ONLY,PRIMARY,2444,100,0,100,100,100,77.58680556,80,"[80.0, 80.0]",80,,,75.17361111,"[72.22222222222223, 78.125, nan, nan, nan]","[75, 75, 75, 75, 50, 100, 100, 100, 0, 75, 75, 50, 75, 50, 100, 100, 100, nan, nan, nan, nan, nan, nan, nan, nan, nan, nan, nan, nan, nan, nan, nan, nan, nan, nan, nan, nan, nan, nan, nan, nan, nan, nan, nan, nan]",75,75,62.5,75,50,100,100,100,0,100,"[100, 100, 100, 100]",100,100,100,100,100,66.66666667,100,,100,0,0,1,[0.0],0,0,0,0,73.33333333,66.66666667,100,0,100,100,,,1,0,[0],83.33333333,83.33333333,100,0,,100,100,100,100,,,,45.45454545,"[100, 100, 0, 0, 100, 100, 0, 100, 0, 0, 0]",,45.45454545,60,5,3
COG_000309,Moungougui Centre de Santé Intégré,Likouala,,PRIMARY,HEALTH CENTRE,,INTEGRATED HEALTH CENTER,,URBAN,OUTPATIENT ONLY,PRIMARY,52462,100,0,100,100,100,75,,[],,,,75,"[nan, 75.0, nan, nan, nan]","[nan, nan, nan, nan, nan, nan, nan, nan, nan, 75, 75, 75, 75, 75, 100, 100, 100, 0, nan, nan, nan, nan, nan, nan, nan, nan, nan, nan, nan, nan, nan, nan, nan, nan, nan, nan, nan, nan, nan, nan, nan, nan, nan, nan, nan]",75,75,75,75,75,100,100,100,0,100,"[100, 100, 100, 100]",100,100,100,100,100,,,,,,50,1,[50.0],100,0,0,100,39.47659928,,39.13043478,0,,79.29936306,,,1,0,[0],100,100,100,,,100,100,100,100,,,,0,"[0, 0, 0, 0, 0, 0, 0, 0, 0, 0, 0, 0, 0, 0, 0, 0, 0, 0, 0, 0, 0, 0, 0, 0, 0, 0, 0]",0,,31.81818182,22,7
COG_000096,Adolphe Sicé Hôpital Général,Pointe Noire,,TERTIARY,OTHER (SPECIFY),Hôpital général,HOSPITAL,,URBAN,BOTH OUT AND INPATIENT,TERTIARY,120000,100,100,100,100,0,87.1984127,85.11111111,"[70.0, 66.66666666666667, 80.0, 80.0, 80.0, 100.0, 100.0, 100.0, 50.0, 50.0, 100.0, 100.0, 100.0, 100.0, 100.0]",75.33333333,80,100,89.28571429,"[nan, 71.42857142857143, 100.0, 100.0, 85.71428571428571]","[nan, nan, nan, nan, nan, nan, nan, nan, nan, 100, 100, 0, 100, nan, 100, 0, 100, nan, 100, 100, 100, 100, nan, 100, 100, 100, nan, 100, 100, 100, 100, nan, 100, 100, 100, nan, 100, 100, 100, 100, nan, 100, 0, 100, nan]",100,100,75,100,,100,50,100,,33.33333333,"[100, 0, 0, nan]",100,100,0,0,,56.66666667,,75,100,0,,0,[],,,,,60.38095238,56.66666667,53.57142857,16.66666667,100,,,75,0,,[],16.66666667,100,100,100,100,100,100,,100,100,100,100,66.66666667,"[100, 100, 0, 0, 100, 0, 0, 100, 0, 0, 100, 0, 100, 100, 100, 100, 100, 100, 100, 100, 100, 0, 100, 0, 100, 100, 100]",66.66666667,,80,5,4
COG_000075,Och Centre de Santé Intégré,Pointe Noire,,PRIMARY,HEALTH CENTRE,,INTEGRATED HEALTH CENTER,,URBAN,OUTPATIENT ONLY,PRIMARY,17591,100,0,100,100,100,71.33333333,71.33333333,"[80.0, 70.0, 70.0, 70.0, 66.66666666666667]",71.33333333,,,,"[nan, nan, nan, nan, nan]","[nan, nan, nan, nan, nan, nan, nan, nan, nan, nan, nan, nan, nan, nan, nan, nan, nan, nan, nan, nan, nan, nan, nan, nan, nan, nan, nan, nan, nan, nan, nan, nan, nan, nan, nan, nan, nan, nan, nan, nan, nan, nan, nan, nan, nan]",,,,,,,,,,100,"[100, 100, 100, 100]",100,100,100,100,100,63.33333333,100,,100,0,25,1,[25.0],100,0,0,0,44.37777778,63.33333333,55.55555556,3,0,100,,,1,0,[0],83.33333333,100,100,,,100,100,100,100,,,,3.703703704,"[0, 0, 0, 0, 0, 0, 0, 0, 0, 0, 0, 0, 0, 0, 0, 100, 0, 0, 0, 0, 0, 0, 0, 0, 0, 0, 0]",3.703703704,,,11,999
COG_000074,Pambou Benjamin Centre de Santé Intégré,Pointe Noire,,PRIMARY,HEALTH CENTRE,,INTEGRATED HEALTH CENTER,,URBAN,OUTPATIENT ONLY,PRIMARY,131988,100,100,100,100,100,86.66666667,73.33333333,"[70.0, 70.0, 70.0, 80.0, 70.0, 50.0, 50.0, 100.0, 100.0]",72,50,100,100,"[100.0, 100.0, 100.0, nan, nan]","[100, 100, 100, nan, nan, 100, 100, 100, nan, 100, 100, 100, nan, 100, 100, 100, 100, nan, 100, 100, 100, nan, nan, 100, 100, 100, nan, nan, nan, nan, nan, nan, nan, nan, nan, nan, nan, nan, nan, nan, nan, nan, nan, nan, nan]",100,100,100,,100,100,100,100,,100,"[100, 100, 100, 100]",100,100,100,100,100,66.66666667,100,,100,0,50,1,[50.0],100,0,0,100,66.35531136,66.66666667,46.15384615,1.666666667,100,100,100,50,1,0,[0],100,100,100,100,100,100,100,100,100,,,,,[nan],,,0,17,0
COG_000010,Talagaï l’Hôpital de Base,Brazzaville,,SECONDARY,NATIONAL REFERRAL HOSPITAL,,HOSPITAL,,URBAN,BOTH OUT AND INPATIENT,SECONDARY,371147,100,100,100,100,0,40.80357143,20,"[0.0, 0.0, 50.0, 0.0, 50.0]",,,20,61.60714286,"[65.625, 75.0, 50.0, 78.125, 39.285714285714285]","[75, 75, 75, 25, 75, 100, 0, 100, nan, 75, 75, 75, 75, 75, 100, 100, 100, 0, 75, 75, 50, 25, 75, 100, 0, 0, nan, 100, 75, 100, 75, 75, 100, 0, 100, nan, 75, 25, 25, 50, 0, 100, nan, 0, nan]",80,65,65,50,60,100,25,60,0,66.66666667,"[100, 100, 0, nan]",100,100,100,0,,,,,,,,0,[],,,,,33.7936828,,100,1.381048387,,,0,,0,,[],16.66666667,60,100,,0,100,0,,100,0,0,0,55.55555556,"[0, 0, 0, 0, 100, 100, 0, 100, 100, 100, 100, 100, 100, 100, 100, 100, 100, 100, 0, 100, 0, 0, 100, 0, 0, 0, 0]",55.55555556,,0,594,0
COG_000007,Centre Antituberculeux (CAT) (Brazzaville),Brazzaville,,TERTIARY,OTHER (SPECIFY),CAT,OTHER (SPECIFY),CAT,URBAN,OUTPATIENT ONLY,TERTIARY,9,100,100,0,0,0,69.44444444,83.33333333,"[0.0, 100.0, 100.0, 100.0, 100.0, 100.0]",,0,100,55.55555556,"[61.111111111111114, nan, nan, nan, 50.0]","[75, 50, 50, 100, 75, 100, 100, 0, 0, nan, nan, nan, nan, nan, nan, nan, nan, nan, nan, nan, nan, nan, nan, nan, nan, nan, nan, nan, nan, nan, nan, nan, nan, nan, nan, nan, 25, 25, 50, 100, 50, 100, 100, 0, 0]",50,37.5,50,100,62.5,100,100,0,0,0,[],0,,,,,,,,,,0,1,[0.0],0,0,0,0,38.24074074,,75,1.481481481,,,,,1,0,[0],33.33333333,100,100,100,100,,,,100,,,,22.22222222,"[100, 100, 0, 0, 0, 0, 0, 0, 0, 0, 0, 0, 0, 0, 100, 100, 100, 0, 0, 0, 0, 0, 0, 100, 0, 0, 0]",22.22222222,,32,25,8
COG_000182,Mambouana Centre de Santé Intégré,Lékoumou,,PRIMARY,HEALTH CENTRE,,HEALTH CENTER,,RURAL,BOTH OUT AND INPATIENT,PRIMARY,5133,100,0,100,100,100,32,32,"[20.0, 40.0, 40.0, 30.0, 30.0]",32,,,,"[nan, nan, nan, nan, nan]","[nan, nan, nan, nan, nan, nan, nan, nan, nan, nan, nan, nan, nan, nan, nan, nan, nan, nan, nan, nan, nan, nan, nan, nan, nan, nan, nan, nan, nan, nan, nan, nan, nan, nan, nan, nan, nan, nan, nan, nan, nan, nan, nan, nan, nan]",,,,,,,,,,0,[],0,,,,,13.33333333,40,,0,0,0,1,[0.0],0,0,0,0,19.33333333,13.33333333,33.33333333,12.5,0,37.5,,,1,0,[0],0,0,0,,,0,0,0,0,,,,,[nan],,,70.58823529,17,12
COG_000174,Zanaga Hopital Comboutique,Lékoumou,,SECONDARY,DISTRICT HOSPITAL,,HOSPITAL,,URBAN,BOTH OUT AND INPATIENT,SECONDARY,23207,100,100,100,100,100,87.59259259,90,"[80.0, 90.0, 90.0, 90.0, 80.0, 100.0, 100.0]",86,,100,85.18518519,"[77.77777777777777, 88.88888888888889, 88.88888888888889, nan, nan]","[0, 100, 100, 100, 0, 100, 100, 100, 100, 100, 100, 100, 100, 0, 100, 100, 100, 100, 100, 100, 100, 100, 0, 100, 100, 100, 100, nan, nan, nan, nan, nan, nan, nan, nan, nan, nan, nan, nan, nan, nan, nan, nan, nan, nan]",66.66666667,100,100,100,0,100,100,100,100,0,[],0,,,,,66.66666667,100,,100,0,,0,[],,,,,57.64083939,66.66666667,100,3.571428571,40,77.96610169,,,0,,[],33.33333333,0,0,,0,0,0,0,0,,,,11.11111111,"[100, 0, 0, 0, 0, 0, 0, 0, 0, 0, 0, 0, 0, 0, 100, 100, 0, 0, 0, 0, 0, 0, 0, 0, 0, 0, 0]",11.11111111,,,13,999
COG_000076,Ngoyo Centre de Santé Intégré,Pointe Noire,,PRIMARY,HEALTH CENTRE,,INTEGRATED HEALTH CENTER,,URBAN,OUTPATIENT ONLY,PRIMARY,42512,100,0,100,100,100,74.37797619,62,"[80.0, 70.0, 70.0, 70.0, 80.0, 50.0, 50.0, 50.0, 50.0, 50.0]",74,50,,86.75595238,"[85.71428571428571, 100.0, 79.16666666666667, nan, 82.14285714285714]","[100, 100, 100, 100, nan, 100, 0, 100, nan, 100, 100, 100, 100, 100, 100, 100, 100, nan, 100, 100, 75, nan, nan, 100, 0, 100, nan, nan, nan, nan, nan, nan, nan, nan, nan, nan, 75, 100, 100, 100, nan, 100, 0, 100, nan]",93.75,100,93.75,100,100,100,25,100,,100,"[100, 100, 100, 100]",100,100,100,100,100,66.66666667,100,,100,0,25,1,[25.0],100,0,0,0,65.93812805,66.66666667,100,2.037037037,40,86.9250646,,100,1,0,[0],100,100,100,100,,100,100,100,100,,,,,[nan],,,,999,999
COG_000024,Makélékélé l’Hôpital de Base,Brazzaville,,SECONDARY,DISTRICT HOSPITAL,,HOSPITAL,,URBAN,BOTH OUT AND INPATIENT,SECONDARY,284288,100,100,100,0,0,90.10416667,100,"[100.0, 100.0, 100.0, 100.0, 100.0, 100.0, 100.0, 100.0, 100.0, 100.0]",,100,100,80.20833333,"[66.66666666666667, 75.0, 88.88888888888889, 84.375, 86.11111111111111]","[50, 100, 50, 100, 100, 100, 100, 0, 0, 25, 50, 100, 100, 100, 100, 100, 100, 0, 100, 100, 100, 100, 100, 100, 100, 100, 0, 100, 75, 100, nan, 100, 100, 100, 100, 0, 100, 100, 100, 100, 75, 100, 100, 100, 0]",75,85,90,100,95,100,100,80,0,66.66666667,"[100, 100, 0, nan]",100,100,100,0,,,,,,,,0,[],,,,,46.66537267,,3.804347826,7.857142857,,,100,75,0,,[],100,100,100,100,100,100,,,,,,,40.74074074,"[100, 0, 0, 0, 100, 0, 0, 100, 0, 0, 0, 100, 100, 0, 100, 100, 100, 100, 0, 100, 0, 0, 100, 0, 0, 0, 0]",40.74074074,,100,684,684
COG_000085,Loandjili Hôpital Général,Pointe Noire,,TERTIARY,NATIONAL REFERRAL HOSPITAL,,HOSPITAL,,URBAN,BOTH OUT AND INPATIENT,TERTIARY,9,100,0,100,0,0,0,0,"[0.0, 0.0, 0.0, 0.0, 0.0]",,0,,,"[nan, nan, nan, nan, nan]","[nan, nan, nan, nan, nan, nan, nan, nan, nan, nan, nan, nan, nan, nan, nan, nan, nan, nan, nan, nan, nan, nan, nan, nan, nan, nan, nan, nan, nan, nan, nan, nan, nan, nan, nan, nan, nan, nan, nan, nan, nan, nan, nan, nan, nan]",,,,,,,,,,0,[],0,,,,,,,,,,,0,[],,,,,0,,,,,,,0,0,,[],16.66666667,100,100,100,,100,,,,0,0,0,29.62962963,"[100, 100, 0, 0, 0, 0, 0, 0, 0, 0, 0, 100, 0, 0, 100, 100, 100, 100, 0, 100, 0, 0, 0, 0, 0, 0, 0]",29.62962963,,0,837,0
COG_000095,Hopital Général de Patra,Pointe Noire,,TERTIARY,NATIONAL REFERRAL HOSPITAL,,HOSPITAL,,URBAN,BOTH OUT AND INPATIENT,TERTIARY,9,100,0,100,100,0,73.73511905,66.66666667,"[90.0, 70.0, 44.44444444444444, 90.0, 55.55555555555556, 50.0]",70,50,,80.80357143,"[68.75, 92.85714285714286, nan, nan, nan]","[50, 75, 75, 75, 75, 100, 0, 100, nan, 75, 75, 100, 100, nan, 100, 100, 100, nan, nan, nan, nan, nan, nan, nan, nan, nan, nan, nan, nan, nan, nan, nan, nan, nan, nan, nan, nan, nan, nan, nan, nan, nan, nan, nan, nan]",62.5,75,87.5,87.5,75,100,50,100,,100,"[100, 100, 100, nan]",100,100,100,100,,60,100,,100,0,,0,[],,,,,60,60,,,60,,,,0,,[],33.33333333,100,100,100,,100,100,,,100,100,100,51.85185185,"[100, 100, 0, 0, 0, 100, 0, 100, 0, 0, 0, 100, 100, 100, 100, 100, 100, 100, 100, 100, 0, 0, 100, 0, 0, 0, 0]",51.85185185,,0,423,0
COG_000066,Tié-Tié l’Hôpital de Base,Pointe Noire,,SECONDARY,DISTRICT HOSPITAL,,HOSPITAL,,URBAN,BOTH OUT AND INPATIENT,SECONDARY,9,100,100,100,0,0,40.21990741,25,"[0.0, 0.0, 0.0, 0.0, 0.0, 0.0, 50.0, 50.0, 100.0, 50.0]",,0,50,55.43981481,"[50.0, 44.44444444444444, 71.875, nan, nan]","[100, 100, 25, 100, 25, 0, 0, 100, 0, 50, 0, 0, 100, 50, 100, 0, 100, 0, 75, 75, 75, 100, 50, 100, 0, 100, nan, nan, nan, nan, nan, nan, nan, nan, nan, nan, nan, nan, nan, nan, nan, nan, nan, nan, nan]",75,58.33333333,33.33333333,100,41.66666667,66.66666667,0,100,0,75,"[100, 100, 100, 0]",100,100,100,100,0,,,,,,0,2,"[0.0, 0.0]",0,0,0,0,41.5,,62.5,3.5,,,100,0,2,0,"[0, 0]",50,50,100,0,0,100,,,,50,0,100,51.85185185,"[100, 100, 0, 0, 0, 0, 0, 0, 0, 0, 0, 100, 100, 100, 100, 100, 100, 100, 100, 100, 0, 0, 100, 100, 100, 0, 0]",51.85185185,,0,371,0
COG_000268,PMAS Oyo Centre de Santé Intégré,Cuvette,,PRIMARY,HEALTH CENTRE,,INTEGRATED HEALTH CENTER,,RURAL,OUTPATIENT ONLY,PRIMARY,32604,100,0,100,100,100,61.44360269,39.09090909,"[60.0, 90.0, 90.9090909090909, 90.0, 60.0, 0.0, 0.0, 0.0, 0.0, 0.0]",78.18181818,0,,83.7962963,"[88.88888888888889, 100.0, 62.5, nan, nan]","[100, 100, 100, 100, 100, 100, 100, 100, 0, 100, 100, 100, 100, nan, 100, 100, 100, nan, 100, 100, 0, 100, 0, 0, 100, 100, nan, nan, nan, nan, nan, nan, nan, nan, nan, nan, nan, nan, nan, nan, nan, nan, nan, nan, nan]",100,100,66.66666667,100,50,66.66666667,100,100,0,100,"[100, 100, 100, 100]",100,100,100,100,100,55,100,100,60,0,25,5,"[25.0, 25.0, 25.0, 25.0, 25.0]",100,0,0,0,73.32183635,55,100,7.5,80,97.43101808,,100,5,0,"[0, 0, 0, 0, 0]",83.33333333,66.66666667,0,0,,100,100,100,100,,,,25.92592593,"[100, 0, 0, 0, 100, 100, 0, 100, 0, 0, 0, 0, 0, 0, 100, 100, 100, 0, 0, 0, 0, 0, 0, 0, 0, 0, 0]",25.92592593,,50,14,7
COG_000069,Tchimbamba Centre de Santé Intégré,Pointe Noire,,PRIMARY,HEALTH CENTRE,,INTEGRATED HEALTH CENTER,,URBAN,OUTPATIENT ONLY,PRIMARY,28952,100,0,100,100,100,30,30,"[0.0, 0.0, 50.0, 50.0, 50.0]",,30,,,"[nan, nan, nan, nan, nan]","[nan, nan, nan, nan, nan, nan, nan, nan, nan, nan, nan, nan, nan, nan, nan, nan, nan, nan, nan, nan, nan, nan, nan, nan, nan, nan, nan, nan, nan, nan, nan, nan, nan, nan, nan, nan, nan, nan, nan, nan, nan, nan, nan, nan, nan]",,,,,,,,,,66.66666667,"[100, 100, 0, nan]",100,100,100,0,,,,,,,,0,[],,,,,47.26190476,,85.71428571,3.333333333,,100,,0,0,,[],83.33333333,66.66666667,0,0,,100,100,100,100,,,,,[nan],,,0,9,0
COG_000072,Saint Joseph Centre de Santé Intégré,Pointe Noire,,PRIMARY,HEALTH CENTRE,,INTEGRATED HEALTH CENTER,,URBAN,BOTH OUT AND INPATIENT,PRIMARY,23627,100,0,100,100,100,74.44444444,60,"[80.0, 80.0, 80.0, 80.0, 80.0, 0.0, 50.0, 50.0, 50.0, 50.0]",80,40,,88.88888889,"[88.88888888888889, 88.88888888888889, 88.88888888888889, nan, nan]","[100, 100, 100, 100, 100, 100, 100, 100, 0, 100, 100, 100, 100, 100, 100, 100, 100, 0, 100, 100, 100, 100, 100, 100, 100, 100, 0, nan, nan, nan, nan, nan, nan, nan, nan, nan, nan, nan, nan, nan, nan, nan, nan, nan, nan]",100,100,100,100,100,100,100,100,0,100,"[100, 100, 100, 100]",100,100,100,100,100,66.66666667,100,100,100,0,25,3,"[25.0, 25.0, 25.0]",0,0,100,0,77.09131741,66.66666667,100,4.6875,100,91.19373777,,100,3,100,"[100, 100, 100]",100,100,100,100,,100,100,100,100,,,,25.92592593,"[100, 0, 0, 0, 100, 100, 0, 0, 0, 0, 0, 0, 0, 0, 100, 0, 0, 0, 0, 100, 100, 100, 0, 0, 0, 0, 0]",25.92592593,,50,8,4
COG_000279,Boundji Hopital de Base,Cuvette,,SECONDARY,DISTRICT HOSPITAL,,HOSPITAL,,RURAL,BOTH OUT AND INPATIENT,SECONDARY,9,100,0,100,0,0,0,0,"[0.0, 0.0, 0.0, 0.0, 0.0]",,0,,,"[nan, nan, nan, nan, nan]","[nan, nan, nan, nan, nan, nan, nan, nan, nan, nan, nan, nan, nan, nan, nan, nan, nan, nan, nan, nan, nan, nan, nan, nan, nan, nan, nan, nan, nan, nan, nan, nan, nan, nan, nan, nan, nan, nan, nan, nan, nan, nan, nan, nan, nan]",,,,,,,,,,66.66666667,"[100, 100, 0, nan]",100,100,100,0,,,,,,,,0,[],,,,,71,,100,13,,,,100,0,,[],0,50,0,100,,0,,,100,50,0,100,37.03703704,"[100, 0, 0, 0, 100, 100, 0, 100, 0, 0, 0, 100, 100, 0, 100, 100, 100, 0, 0, 100, 0, 0, 0, 0, 0, 0, 0]",37.03703704,,43.75,80,35
COG_000177,Sibiti Hôpital Comboutique,Lékoumou,,SECONDARY,REGIONAL/PROVINCIAL REFERRAL HOSPITAL,,HOSPITAL,,URBAN,BOTH OUT AND INPATIENT,SECONDARY,103777,100,0,100,0,0,70,40,"[0.0, 50.0, 50.0, 50.0, 50.0]",,40,,100,"[100.0, 100.0, nan, nan, nan]","[100, 100, 100, 100, 100, 100, 100, 100, nan, 100, 100, 100, 100, 100, 100, 100, 100, nan, nan, nan, nan, nan, nan, nan, nan, nan, nan, nan, nan, nan, nan, nan, nan, nan, nan, nan, nan, nan, nan, nan, nan, nan, nan, nan, nan]",100,100,100,100,100,100,100,100,,0,[],0,,,,,,,,,,,0,[],,,,,46.51515152,,91.66666667,1.363636364,,,,,0,,[],16.66666667,50,100,100,,0,,,0,,,,22.22222222,"[100, 0, 0, 0, 0, 100, 0, 0, 0, 0, 0, 0, 100, 100, 100, 100, 0, 0, 0, 0, 0, 0, 0, 0, 0, 0, 0]",22.22222222,,29.72972973,37,11
COG_000239,Ngania Centre de Santé Intégré,Plateaux,,PRIMARY,HEALTH CENTRE,,INTEGRATED HEALTH CENTER,,RURAL,OUTPATIENT ONLY,PRIMARY,6566,100,0,100,100,100,28,28,"[30.0, 30.0, 30.0, 30.0, 20.0]",28,,,,"[nan, nan, nan, nan, nan]","[nan, nan, nan, nan, nan, nan, nan, nan, nan, nan, nan, nan, nan, nan, nan, nan, nan, nan, nan, nan, nan, nan, nan, nan, nan, nan, nan, nan, nan, nan, nan, nan, nan, nan, nan, nan, nan, nan, nan, nan, nan, nan, nan, nan, nan]",,,,,,,,,,75,"[100, 100, 0, 100]",100,100,100,0,100,26.66666667,0,,80,0,0,2,"[0.0, 0.0]",0,0,0,0,55.08333333,26.66666667,75,0,80,93.75,,,2,0,"[0, 0]",100,60,0,,,100,0,100,100,,,,14.81481481,"[100, 0, 0, 0, 100, 100, 0, 0, 100, 0, 0, 0, 0, 0, 0, 0, 0, 0, 0, 0, 0, 0, 0, 0, 0, 0, 0]",14.81481481,,0,5,0
COG_000088,Kilométre Quatre A Centre de Santé Intégré,Pointe Noire,,PRIMARY,HEALTH CENTRE,,HEALTH CENTER,,URBAN,OUTPATIENT ONLY,PRIMARY,18128,100,100,100,100,100,58.10185185,45.83333333,"[90.0, 90.0, 70.0, 50.0, 50.0, 50.0, 50.0, 50.0, 0.0, 0.0, 0.0, 50.0]",83.33333333,50,20,70.37037037,"[66.66666666666667, 72.22222222222223, 72.22222222222223, nan, nan]","[75, 75, 50, 50, 50, 100, 100, 100, 0, 75, 75, 50, 75, 75, 100, 100, 100, 0, 75, 75, 75, 50, 75, 100, 100, 100, 0, nan, nan, nan, nan, nan, nan, nan, nan, nan, nan, nan, nan, nan, nan, nan, nan, nan, nan]",75,75,58.33333333,58.33333333,66.66666667,100,100,100,0,100,"[100, 100, 100, 100]",100,100,100,100,100,66.66666667,100,,100,0,0,1,[0.0],0,0,0,0,57.23214286,66.66666667,100,0.625,33.33333333,100,100,0,1,0,[0],100,100,100,100,100,100,100,100,100,,,,51.85185185,"[100, 0, 100, 0, 100, 100, 0, 100, 0, 0, 100, 0, 0, 0, 100, 100, 100, 100, 100, 0, 0, 0, 0, 100, 100, 100, 0]",51.85185185,,44.44444444,9,4
COG_000093,Centre de traitement ambulatoire (CTA),Pointe Noire,,TERTIARY,HEALTH CENTRE,,HEALTH CENTER,,URBAN,OUTPATIENT ONLY,TERTIARY,2000,100,0,0,0,0,69.44444444,50,"[50.0, 50.0, 50.0, 50.0, 50.0]",,50,,88.88888889,"[88.88888888888889, 88.88888888888889, 88.88888888888889, nan, nan]","[100, 100, 100, 100, 100, 100, 100, 100, 0, 100, 100, 100, 100, 100, 100, 100, 100, 0, 100, 100, 100, 100, 100, 100, 100, 100, 0, nan, nan, nan, nan, nan, nan, nan, nan, nan, nan, nan, nan, nan, nan, nan, nan, nan, nan]",100,100,100,100,100,100,100,100,0,100,"[nan, 100, 100, 100]",100,,100,100,100,,,,,,25,2,"[25.0, 25.0]",0,0,0,100,70.67307692,,81.25,30.76923077,,,,100,2,0,"[0, 0]",50,100,100,100,,,,,,,,,14.81481481,"[100, 100, 100, 0, 0, 100, 0, 0, 0, 0, 0, 0, 0, 0, 0, 0, 0, 0, 0, 0, 0, 0, 0, 0, 0, 0, 0]",14.81481481,,,999,999
COG_000089,Jean denis Tchimbakala Centre de Santé Intégré,Pointe Noire,,PRIMARY,HEALTH CENTRE,,INTEGRATED HEALTH CENTER,,URBAN,OUTPATIENT ONLY,PRIMARY,12085,100,0,100,100,100,64,64,"[70.0, 80.0, 80.0, 80.0, 80.0, 50.0, 50.0, 50.0, 50.0, 50.0]",78,50,,,"[nan, nan, nan, nan, nan]","[nan, nan, nan, nan, nan, nan, nan, nan, nan, nan, nan, nan, nan, nan, nan, nan, nan, nan, nan, nan, nan, nan, nan, nan, nan, nan, nan, nan, nan, nan, nan, nan, nan, nan, nan, nan, nan, nan, nan, nan, nan, nan, nan, nan, nan]",,,,,,,,,,75,"[100, 0, 100, 100]",100,100,0,100,100,60,80,,100,0,,0,[],,,,,35.61524334,60,60,3.333333333,0,90.35812672,,0,0,,[],100,66.66666667,0,100,,100,0,100,100,,,,18.51851852,"[100, 0, 0, 0, 100, 0, 0, 0, 0, 0, 0, 0, 0, 0, 100, 100, 0, 0, 100, 0, 0, 0, 0, 0, 0, 0, 0]",18.51851852,,5.714285714,35,2
COG_000084,Loussala Centre de Santé Intégré,Pointe Noire,,PRIMARY,HEALTH CENTRE,,INTEGRATED HEALTH CENTER,,URBAN,OUTPATIENT ONLY,PRIMARY,15097,100,100,100,100,100,70.20922365,66.92307692,"[70.0, 60.0, 70.0, 60.0, 60.0, 50.0, 50.0, 50.0, 50.0, 50.0, 100.0, 100.0, 100.0]",64,50,100,73.49537037,"[84.375, 75.0, 61.111111111111114, nan, nan]","[75, 75, 75, 75, 75, 100, 100, 100, nan, 75, 75, 75, 75, 75, 100, 100, 100, 0, 75, 75, 75, 75, 50, 0, 100, 100, 0, nan, nan, nan, nan, nan, nan, nan, nan, nan, nan, nan, nan, nan, nan, nan, nan, nan, nan]",75,75,75,75,66.66666667,66.66666667,100,100,0,100,"[100, 100, 100, 100]",100,100,100,100,100,60,80,,100,0,0,3,"[0.0, 0.0, 0.0]",0,0,0,0,30.81475365,60,16.66666667,40,0,99.03660886,0,0,3,0,"[0, 0, 0]",100,100,100,100,100,100,100,100,100,,,,18.51851852,"[0, 0, 0, 0, 100, 0, 0, 0, 0, 0, 0, 0, 0, 0, 100, 100, 0, 0, 100, 0, 0, 0, 0, 100, 0, 0, 0]",18.51851852,,3.333333333,30,1
COG_000281,Oyo Hopital de Base,Cuvette,,SECONDARY,DISTRICT HOSPITAL,,HOSPITAL,,PERIURBAN,BOTH OUT AND INPATIENT,SECONDARY,9,100,100,100,0,0,30,30,"[0.0, 0.0, 0.0, 0.0, 50.0, 100.0, 0.0, 50.0, 50.0, 50.0]",,10,50,,"[nan, nan, nan, nan, nan]","[nan, nan, nan, nan, nan, nan, nan, nan, nan, nan, nan, nan, nan, nan, nan, nan, nan, nan, nan, nan, nan, nan, nan, nan, nan, nan, nan, nan, nan, nan, nan, nan, nan, nan, nan, nan, nan, nan, nan, nan, nan, nan, nan, nan, nan]",,,,,,,,,,100,"[100, 100, 100, nan]",100,100,100,100,,,,,,,,0,[],,,,,67.56410256,,100,2.692307692,,,100,,0,,[],0,100,100,100,100,100,,,100,,,,40.74074074,"[100, 0, 0, 100, 0, 100, 0, 100, 0, 0, 0, 0, 100, 0, 100, 100, 100, 0, 0, 100, 0, 0, 100, 100, 0, 0, 0]",40.74074074,,49.6124031,129,64
COG_000263,Abala Centre de Santé Intégré,Plateaux,,PRIMARY,HEALTH CENTRE,,INTEGRATED HEALTH CENTER,,RURAL,OUTPATIENT ONLY,PRIMARY,8122,100,0,100,100,100,28,28,"[30.0, 30.0, 30.0, 30.0, 20.0]",28,,,,"[nan, nan, nan, nan, nan]","[nan, nan, nan, nan, nan, nan, nan, nan, nan, nan, nan, nan, nan, nan, nan, nan, nan, nan, nan, nan, nan, nan, nan, nan, nan, nan, nan, nan, nan, nan, nan, nan, nan, nan, nan, nan, nan, nan, nan, nan, nan, nan, nan, nan, nan]",,,,,,,,,,0,[],0,,,,,33.33333333,0,,100,0,,0,[],,,,,66.29051988,33.33333333,100,25,80,93.11926606,,,0,,[],100,40,0,,,100,0,100,0,,,,,[nan],,,,7,999
COG_000218,Dolisie V Centre de Santé Intégré,Niari,,TERTIARY,HEALTH CENTRE,,HEALTH CENTER,,URBAN,OUTPATIENT ONLY,TERTIARY,14826,100,0,100,100,100,76.66666667,76.66666667,"[60.0, 80.0, 90.0]",76.66666667,,,,"[nan, nan, nan, nan, nan]","[nan, nan, nan, nan, nan, nan, nan, nan, nan, nan, nan, nan, nan, nan, nan, nan, nan, nan, nan, nan, nan, nan, nan, nan, nan, nan, nan, nan, nan, nan, nan, nan, nan, nan, nan, nan, nan, nan, nan, nan, nan, nan, nan, nan, nan]",,,,,,,,,,100,"[100, 100, 100, 100]",100,100,100,100,100,44.44444444,33.33333333,,100,0,25,1,[25.0],100,0,0,0,51.86590038,44.44444444,75,10,33.33333333,96.55172414,,,1,0,[0],16.66666667,60,0,,,100,0,100,100,,,,18.18181818,"[100, 0, 0, 0, 100, 0, 0, 0, 0, 0, 0]",,18.18181818,12.5,24,3
COG_000302,Ouesso II Centre de Santé Intégré,Sangha,,PRIMARY,HEALTH CENTRE,,INTEGRATED HEALTH CENTER,,URBAN,OUTPATIENT ONLY,PRIMARY,35538,100,0,100,100,100,80.55555556,,[],,,,80.55555556,"[88.88888888888889, 75.0, 77.77777777777777, nan, nan]","[100, 100, 100, 100, 100, 100, 100, 100, 0, 75, 50, nan, 100, 75, 100, 100, 100, 0, 25, 100, 75, 100, 100, 100, 100, 100, 0, nan, nan, nan, nan, nan, nan, nan, nan, nan, nan, nan, nan, nan, nan, nan, nan, nan, nan]",66.66666667,83.33333333,87.5,100,91.66666667,100,100,100,0,100,"[100, 100, 100, 100]",100,100,100,100,100,,,,,,25,1,[25.0],0,0,0,100,37.7037037,,27.77777778,2,,83.33333333,,,1,0,[0],100,100,100,,,100,100,100,100,,,,0,"[0, 0, 0, 0, 0, 0, 0, 0, 0, 0, 0, 0, 0, 0, 0, 0, 0, 0, 0, 0, 0, 0, 0, 0, 0, 0, 0]",0,,21.73913043,23,5
COG_000163,Madingou Hôpital Comboutique,Bouenza,,SECONDARY,DISTRICT HOSPITAL,,HOSPITAL,,URBAN,BOTH OUT AND INPATIENT,SECONDARY,105956,100,0,100,100,100,46.40873016,14.44444444,"[20.0, 40.0, 40.0, 30.0, 0.0, 0.0, 0.0, 0.0, 0.0]",32.5,0,,78.37301587,"[88.88888888888889, 67.85714285714286, nan, nan, nan]","[100, 100, 100, 100, 100, 100, 100, 100, 0, 100, 100, 75, nan, 0, 100, 0, 100, nan, nan, nan, nan, nan, nan, nan, nan, nan, nan, nan, nan, nan, nan, nan, nan, nan, nan, nan, nan, nan, nan, nan, nan, nan, nan, nan, nan]",100,100,87.5,100,50,100,50,100,0,25,"[0, 0, 100, 0]",100,0,0,100,0,50,75,,75,0,0,5,"[0.0, 0.0, 0.0, 0.0, 0.0]",0,0,0,0,38.5963616,50,83.33333333,0.6,25,52.64483627,,20,5,0,"[0, 0, 0, 0, 0]",0,50,100,100,,100,0,0,0,50,0,100,33.33333333,"[100, 100, 0, 0, 100, 0, 0, 0, 0, 0, 0, 100, 100, 0, 100, 100, 100, 0, 0, 100, 0, 0, 0, 0, 0, 0, 0]",33.33333333,,66.66666667,90,60
COG_000223,Dolisie II Centre de Santé Intégré,Niari,,PRIMARY,HEALTH CENTRE,,INTEGRATED HEALTH CENTER,,URBAN,OUTPATIENT ONLY,PRIMARY,14513,100,0,100,100,100,67.77777778,80,"[80.0, 80.0, 80.0, 80.0]",80,,,55.55555556,"[55.55555555555556, nan, nan, nan, nan]","[0, 0, 100, 0, 100, 100, 100, 100, 0, nan, nan, nan, nan, nan, nan, nan, nan, nan, nan, nan, nan, nan, nan, nan, nan, nan, nan, nan, nan, nan, nan, nan, nan, nan, nan, nan, nan, nan, nan, nan, nan, nan, nan, nan, nan]",0,0,100,0,100,100,100,100,0,100,"[100, 100, 100, 100]",100,100,100,100,100,66.66666667,100,,100,0,0,1,[0.0],0,0,0,0,57.72685185,66.66666667,100,4.375,25,92.59259259,,,1,0,[0],100,40,0,,,100,0,0,100,,,,14.81481481,"[0, 0, 0, 0, 100, 0, 0, 100, 0, 0, 0, 0, 0, 0, 100, 100, 0, 0, 0, 0, 0, 0, 0, 0, 0, 0, 0]",14.81481481,,0,12,0
COG_000255,Etoro Centre de Santé Intégré,Plateaux,,PRIMARY,HEALTH CENTRE,,INTEGRATED HEALTH CENTER,,URBAN,BOTH OUT AND INPATIENT,PRIMARY,5217,100,0,100,100,100,76.66666667,70,"[70.0, 70.0]",70,,,83.33333333,"[80.55555555555556, 86.11111111111111, nan, nan, nan]","[100, 100, 100, 50, 75, 100, 100, 100, 0, 100, 100, 100, 100, 75, 100, 100, 100, 0, nan, nan, nan, nan, nan, nan, nan, nan, nan, nan, nan, nan, nan, nan, nan, nan, nan, nan, nan, nan, nan, nan, nan, nan, nan, nan, nan]",100,100,100,75,75,100,100,100,0,75,"[100, 0, 100, 100]",100,100,0,100,100,50,50,,100,0,0,1,[0.0],0,0,0,0,50,50,100,0,0,100,,,1,0,[0],100,0,0,,,0,0,0,0,,,,,[nan],,,50,4,2
COG_000278,Oyo Hopital Général,Cuvette,,TERTIARY,OTHER (SPECIFY),Hôpital général,HOSPITAL,,PERIURBAN,BOTH OUT AND INPATIENT,TERTIARY,9,100,100,100,0,0,15,15,"[50.0, 100.0, 0.0, 0.0, 0.0, 0.0, 0.0, 0.0, 0.0, 0.0]",,30,0,,"[nan, nan, nan, nan, nan]","[nan, nan, nan, nan, nan, nan, nan, nan, nan, nan, nan, nan, nan, nan, nan, nan, nan, nan, nan, nan, nan, nan, nan, nan, nan, nan, nan, nan, nan, nan, nan, nan, nan, nan, nan, nan, nan, nan, nan, nan, nan, nan, nan, nan, nan]",,,,,,,,,,100,"[100, 100, 100, nan]",100,100,100,100,,,,,,,,0,[],,,,,50.83333333,,100,1.666666667,,,,,0,,[],16.66666667,40,100,100,0,0,,,0,0,0,0,74.07407407,"[100, 100, 0, 100, 0, 100, 0, 100, 100, 0, 100, 100, 100, 0, 100, 100, 100, 100, 100, 100, 0, 0, 100, 100, 100, 100, 100]",74.07407407,,,999,387
COG_000283,Bokouélé Centre de Santé Intégré,Cuvette,,PRIMARY,DISTRICT HOSPITAL,,HOSPITAL,,RURAL,OUTPATIENT ONLY,PRIMARY,3078,100,100,100,100,100,38,38,"[30.0, 40.0, 40.0, 40.0, 40.0]",38,,,,"[nan, nan, nan, nan, nan]","[nan, nan, nan, nan, nan, nan, nan, nan, nan, nan, nan, nan, nan, nan, nan, nan, nan, nan, nan, nan, nan, nan, nan, nan, nan, nan, nan, nan, nan, nan, nan, nan, nan, nan, nan, nan, nan, nan, nan, nan, nan, nan, nan, nan, nan]",,,,,,,,,,75,"[0, 100, 100, 100]",100,0,100,100,100,33.33333333,0,,100,0,25,1,[25.0],100,0,0,0,49.3628692,33.33333333,100,15,20,78.48101266,,,1,0,[0],83.33333333,50,100,,0,0,0,100,100,50,0,100,,[nan],,,30.76923077,13,4
COG_000266,Tchikapika Centre de Santé Intégré,Cuvette,,PRIMARY,HEALTH CENTRE,,INTEGRATED HEALTH CENTER,,RURAL,OUTPATIENT ONLY,PRIMARY,8194,100,0,100,100,100,40,40,"[30.0, 50.0, 40.0]",40,,,,"[nan, nan, nan, nan, nan]","[nan, nan, nan, nan, nan, nan, nan, nan, nan, nan, nan, nan, nan, nan, nan, nan, nan, nan, nan, nan, nan, nan, nan, nan, nan, nan, nan, nan, nan, nan, nan, nan, nan, nan, nan, nan, nan, nan, nan, nan, nan, nan, nan, nan, nan]",,,,,,,,,,100,"[100, 100, 100, 100]",100,100,100,100,100,22.22222222,33.33333333,,33.33333333,0,0,1,[0.0],0,0,0,0,50.77777778,22.22222222,100,1.666666667,33.33333333,96.66666667,,,1,0,[0],100,40,0,,,0,0,100,100,,,,18.51851852,"[100, 0, 0, 0, 100, 0, 0, 100, 0, 0, 0, 0, 0, 0, 100, 100, 0, 0, 0, 0, 0, 0, 0, 0, 0, 0, 0]",18.51851852,,55.55555556,27,15
COG_000284,Okoyo Hôpital de Base,Cuvette-Ouest,,SECONDARY,DISTRICT HOSPITAL,,HOSPITAL,,RURAL,BOTH OUT AND INPATIENT,SECONDARY,9,100,100,100,100,100,41.33333333,41.33333333,"[20.0, 30.0, 20.0, 20.0, 30.0, 0.0, 0.0, 0.0, 0.0, 0.0, 100.0, 100.0, 100.0, 100.0, 100.0]",24,0,100,,"[nan, nan, nan, nan, nan]","[nan, nan, nan, nan, nan, nan, nan, nan, nan, nan, nan, nan, nan, nan, nan, nan, nan, nan, nan, nan, nan, nan, nan, nan, nan, nan, nan, nan, nan, nan, nan, nan, nan, nan, nan, nan, nan, nan, nan, nan, nan, nan, nan, nan, nan]",,,,,,,,,,100,"[100, 100, 100, 100]",100,100,100,100,100,13.33333333,0,,40,0,,0,[],,,,,53.46764347,13.33333333,100,0,80,87.60683761,60,33.33333333,0,,[],100,85.71428571,100,100,100,100,0,100,100,50,0,100,29.62962963,"[0, 0, 0, 0, 100, 100, 0, 100, 0, 0, 0, 0, 0, 0, 100, 100, 0, 0, 100, 100, 0, 0, 0, 100, 0, 0, 0]",29.62962963,,,999,25
COG_000313,Liranga Centre de Santé Intégré,Likouala,,PRIMARY,HEALTH CENTRE,,INTEGRATED HEALTH CENTER,,RURAL,BOTH OUT AND INPATIENT,PRIMARY,8796,100,0,100,100,100,33.33333333,33.33333333,"[20.0, 60.0, 50.0, 60.0, 10.0, 0.0]",40,0,,,"[nan, nan, nan, nan, nan]","[nan, nan, nan, nan, nan, nan, nan, nan, nan, nan, nan, nan, nan, nan, nan, nan, nan, nan, nan, nan, nan, nan, nan, nan, nan, nan, nan, nan, nan, nan, nan, nan, nan, nan, nan, nan, nan, nan, nan, nan, nan, nan, nan, nan, nan]",,,,,,,,,,0,[],0,,,,,33.33333333,40,,60,0,,0,[],,,,,47.89837398,33.33333333,100,12.5,40,53.65853659,,,0,,[],100,16.66666667,0,0,,0,0,100,0,,,,29.62962963,"[100, 0, 0, 0, 100, 100, 0, 0, 0, 0, 0, 100, 0, 0, 100, 100, 0, 100, 0, 100, 0, 0, 0, 0, 0, 0, 0]",29.62962963,,58.33333333,24,14
COG_000280,Makoua Hopital de Base,Cuvette,,SECONDARY,DISTRICT HOSPITAL,,HOSPITAL,,RURAL,BOTH OUT AND INPATIENT,SECONDARY,9,100,100,100,0,0,61.94444444,35,"[0.0, 0.0, 0.0, 0.0, 0.0, 100.0, 100.0, 100.0, 50.0, 0.0]",,0,70,88.88888889,"[88.88888888888889, nan, nan, nan, nan]","[100, 100, 100, 100, 100, 100, 100, 100, 0, nan, nan, nan, nan, nan, nan, nan, nan, nan, nan, nan, nan, nan, nan, nan, nan, nan, nan, nan, nan, nan, nan, nan, nan, nan, nan, nan, nan, nan, nan, nan, nan, nan, nan, nan, nan]",100,100,100,100,100,100,100,100,0,100,"[100, 100, 100, nan]",100,100,100,100,,,,,,,,0,[],,,,,62.5,,,,,,100,25,0,,[],0,20,0,0,0,0,,,100,,,,40.74074074,"[100, 0, 0, 0, 100, 100, 0, 100, 0, 0, 0, 100, 100, 0, 100, 100, 100, 0, 0, 100, 0, 0, 0, 100, 0, 0, 0]",40.74074074,,,999,999
COG_000157,Mouyondzi Hôpital Comboutique,Bouenza,,SECONDARY,DISTRICT HOSPITAL,,HOSPITAL,,RURAL,BOTH OUT AND INPATIENT,SECONDARY,72943,100,100,100,100,100,41.52777778,13.33333333,"[20.0, 20.0, 20.0, 20.0, 20.0, 0.0, 0.0, 0.0, 0.0, 0.0, 50.0, 50.0, 0.0, 0.0, 0.0]",20,0,20,69.72222222,"[70.0, 69.44444444444444, nan, nan, nan]","[100, nan, 50, nan, nan, 100, nan, 100, 0, 100, 100, 25, 100, 0, 100, 100, 100, 0, nan, nan, nan, nan, nan, nan, nan, nan, nan, nan, nan, nan, nan, nan, nan, nan, nan, nan, nan, nan, nan, nan, nan, nan, nan, nan, nan]",100,100,37.5,100,0,100,100,100,0,25,"[0, 0, 100, 0]",100,0,0,100,0,33.33333333,0,,100,0,0,5,"[0.0, 0.0, 0.0, 0.0, 0.0]",0,0,0,0,43.11904762,33.33333333,80,2.25,60,46.25,80,0,5,0,"[0, 0, 0, 0, 0]",0,57.14285714,100,100,100,100,0,0,0,100,100,100,37.03703704,"[100, 0, 0, 0, 100, 0, 0, 100, 0, 0, 0, 0, 0, 0, 100, 100, 100, 0, 100, 100, 0, 0, 100, 100, 0, 0, 0]",37.03703704,,63.35877863,131,83
COG_000248,Inkouele Centre de Santé Intégré,Plateaux,,PRIMARY,HEALTH CENTRE,,INTEGRATED HEALTH CENTER,,URBAN,BOTH OUT AND INPATIENT,PRIMARY,6398,100,0,100,100,100,80,80,[80.0],80,,,,"[nan, nan, nan, nan, nan]","[nan, nan, nan, nan, nan, nan, nan, nan, nan, nan, nan, nan, nan, nan, nan, nan, nan, nan, nan, nan, nan, nan, nan, nan, nan, nan, nan, nan, nan, nan, nan, nan, nan, nan, nan, nan, nan, nan, nan, nan, nan, nan, nan, nan, nan]",,,,,,,,,,75,"[100, 0, 100, 100]",100,100,0,100,100,66.66666667,100,,100,0,0,1,[0.0],0,0,0,0,42.45578231,66.66666667,50,15,0,80.6122449,,,1,0,[0],16.66666667,100,100,,,100,100,100,100,,,,7.407407407,"[0, 0, 0, 0, 0, 0, 0, 0, 0, 0, 0, 0, 0, 0, 100, 100, 0, 0, 0, 0, 0, 0, 0, 0, 0, 0, 0]",7.407407407,,33.33333333,12,4
COG_000232,Ongogni Centre de Santé Intégré,Plateaux,,PRIMARY,HEALTH CENTRE,,INTEGRATED HEALTH CENTER,,URBAN,OUTPATIENT ONLY,PRIMARY,10296,100,0,100,100,100,70,70,"[70.0, 70.0]",70,,,,"[nan, nan, nan, nan, nan]","[nan, nan, nan, nan, nan, nan, nan, nan, nan, nan, nan, nan, nan, nan, nan, nan, nan, nan, nan, nan, nan, nan, nan, nan, nan, nan, nan, nan, nan, nan, nan, nan, nan, nan, nan, nan, nan, nan, nan, nan, nan, nan, nan, nan, nan]",,,,,,,,,,100,"[100, 100, 100, 100]",100,100,100,100,100,50,50,,100,0,12.5,2,"[0.0, 25.0]",0,0,0,50,63.90676417,50,100,5,100,64.53382084,,,2,0,"[0, 0]",100,100,100,,,100,100,100,100,,,,,[nan],,,0,3,0
COG_000132,Kinkala Hôpital Comboutique,Pool,,SECONDARY,DISTRICT HOSPITAL,,HOSPITAL,,URBAN,BOTH OUT AND INPATIENT,SECONDARY,9,100,100,100,0,0,48.61111111,38.88888889,"[0.0, 0.0, 50.0, 50.0, 50.0, 50.0, 50.0, 50.0, 50.0]",,30,50,58.33333333,"[58.333333333333336, nan, nan, nan, nan]","[25, 75, 25, 75, 25, 100, 0, 100, 100, nan, nan, nan, nan, nan, nan, nan, nan, nan, nan, nan, nan, nan, nan, nan, nan, nan, nan, nan, nan, nan, nan, nan, nan, nan, nan, nan, nan, nan, nan, nan, nan, nan, nan, nan, nan]",25,75,25,75,25,100,0,100,100,0,[],0,,,,,,,,,,,0,[],,,,,40,,,,,,0,80,0,,[],16.66666667,80,100,100,100,100,,,0,,,,51.85185185,"[100, 100, 0, 0, 100, 0, 0, 0, 100, 0, 0, 100, 100, 100, 100, 100, 100, 100, 0, 100, 0, 0, 0, 100, 100, 0, 0]",51.85185185,,,999,999
COG_000204,Moungoundou Nord Centre de Santé Intégré,Niari,,PRIMARY,HEALTH CENTRE,,INTEGRATED HEALTH CENTER,,URBAN,OUTPATIENT ONLY,PRIMARY,2315,100,0,100,100,100,59.11111111,59.11111111,"[60.0, 60.0, 60.0, 60.0, 55.55555555555556]",59.11111111,,,,"[nan, nan, nan, nan, nan]","[nan, nan, nan, nan, nan, nan, nan, nan, nan, nan, nan, nan, nan, nan, nan, nan, nan, nan, nan, nan, nan, nan, nan, nan, nan, nan, nan, nan, nan, nan, nan, nan, nan, nan, nan, nan, nan, nan, nan, nan, nan, nan, nan, nan, nan]",,,,,,,,,,50,"[100, 0, 100, 0]",100,100,0,100,0,63.33333333,100,,100,0,0,2,"[0.0, 0.0]",0,0,0,0,54.8,63.33333333,60,6.666666667,60,84,,,2,0,"[0, 0]",100,40,0,,,100,0,100,0,,,,7.407407407,"[0, 0, 0, 0, 100, 0, 0, 0, 0, 0, 0, 0, 0, 0, 0, 100, 0, 0, 0, 0, 0, 0, 0, 0, 0, 0, 0]",7.407407407,,100,5,5
COG_000219,Mossendjo l'Hopital de Base,Niari,,SECONDARY,DISTRICT HOSPITAL,,HOSPITAL,,URBAN,BOTH OUT AND INPATIENT,SECONDARY,32145,100,100,100,100,0,57.91958042,40.83916084,"[90.0, 80.0, 90.9090909090909, 80.0, 90.0, 0.0, 0.0, 0.0, 0.0, 0.0, 50.0, 0.0, 50.0]",86.18181818,0,33.33333333,75,"[75.0, 75.0, 75.0, nan, nan]","[75, 75, 75, 75, 75, 100, 100, 100, 0, 75, 75, 75, 75, 75, 100, 100, 100, 0, 75, 75, 75, 75, 75, 100, 100, 100, 0, nan, nan, nan, nan, nan, nan, nan, nan, nan, nan, nan, nan, nan, nan, nan, nan, nan, nan]",75,75,75,75,75,100,100,100,0,66.66666667,"[100, 100, 0, nan]",100,100,100,0,,68.33333333,100,100,100,0,,0,[],,,,,61.86666667,68.33333333,100,1,40,,,100,0,,[],100,83.33333333,100,0,100,100,100,,100,,,,29.62962963,"[100, 0, 0, 0, 100, 0, 0, 100, 0, 0, 0, 0, 0, 0, 100, 100, 100, 0, 0, 0, 0, 0, 0, 100, 100, 0, 0]",29.62962963,,42.62295082,61,26
COG_000286,Okondo Centre de Santé Intégré,Cuvette-Ouest,,PRIMARY,HEALTH CENTRE,,INTEGRATED HEALTH CENTER,,RURAL,OUTPATIENT ONLY,PRIMARY,2280,100,0,100,100,100,45,45,"[50.0, 40.0]",45,,,,"[nan, nan, nan, nan, nan]","[nan, nan, nan, nan, nan, nan, nan, nan, nan, nan, nan, nan, nan, nan, nan, nan, nan, nan, nan, nan, nan, nan, nan, nan, nan, nan, nan, nan, nan, nan, nan, nan, nan, nan, nan, nan, nan, nan, nan, nan, nan, nan, nan, nan, nan]",,,,,,,,,,0,[],0,,,,,33.33333333,0,,100,0,,0,[],,,,,45.33333333,33.33333333,100,10,0,83.33333333,,,0,,[],100,60,0,,,100,0,100,100,,,,,[nan],,,56,25,14
COG_000293,Adzié Centre de Santé Intégré,Cuvette-Ouest,,PRIMARY,HEALTH CENTRE,,INTEGRATED HEALTH CENTER,,RURAL,BOTH OUT AND INPATIENT,PRIMARY,2139,0,0,100,100,100,10,10,"[10.0, 10.0, 10.0]",10,,,,"[nan, nan, nan, nan, nan]","[nan, nan, nan, nan, nan, nan, nan, nan, nan, nan, nan, nan, nan, nan, nan, nan, nan, nan, nan, nan, nan, nan, nan, nan, nan, nan, nan, nan, nan, nan, nan, nan, nan, nan, nan, nan, nan, nan, nan, nan, nan, nan, nan, nan, nan]",,,,,,,,,,100,"[100, 100, 100, 100]",100,100,100,100,100,0,0,,0,0,,0,[],,,,,35.78947368,0,100,0,0,78.94736842,,,0,,[],0,25,,,,0,0,100,0,,,,,[nan],,,63.63636364,22,14
COG_000251,Gamboma III Centre de Santé Intégré,Plateaux,,PRIMARY,HEALTH CENTRE,,INTEGRATED HEALTH CENTER,,RURAL,OUTPATIENT ONLY,PRIMARY,11146,100,0,100,100,100,76.94444444,70,"[70.0, 70.0, 70.0, 70.0, 70.0]",70,,,83.88888889,"[80.55555555555556, 86.11111111111111, 86.11111111111111, 75.0, 91.66666666666667]","[100, 100, 25, 100, 100, 100, 100, 0, 100, 100, 100, 75, 100, 100, 100, 100, 100, 0, 50, 100, 50, 100, 75, 100, 100, 100, 100, 100, 100, 25, 100, 50, 100, 100, 100, 0, 25, 100, 100, 100, 100, 100, 100, 100, 100]",75,100,55,100,85,100,100,80,60,100,"[100, 100, 100, 100]",100,100,100,100,100,66.66666667,100,,100,0,50,1,[50.0],0,0,100,100,61.26537217,66.66666667,40,45,60,94.66019417,,,1,100,[100],100,80,0,,,100,100,100,100,,,,25.92592593,"[100, 0, 0, 0, 100, 100, 0, 100, 0, 0, 0, 0, 0, 0, 100, 100, 100, 0, 0, 0, 0, 0, 0, 0, 0, 0, 0]",25.92592593,,0,5,0
COG_000250,Gamboma l’Hôpital de Base,Plateaux,,PRIMARY,NATIONAL REFERRAL HOSPITAL,,HOSPITAL,,URBAN,BOTH OUT AND INPATIENT,SECONDARY,124240,100,100,100,0,0,69.72222222,75,"[50.0, 0.0, 100.0, 50.0, 50.0, 100.0, 100.0, 100.0, 100.0, 100.0]",,50,100,64.44444444,"[63.888888888888886, 69.44444444444444, 77.77777777777777, 47.22222222222222, 63.888888888888886]","[25, 100, 25, 100, 25, 100, 100, 100, 0, 75, 100, 0, 100, 50, 100, 100, 100, 0, 100, 100, 75, 100, 25, 100, 100, 100, 0, 75, 25, 50, 75, 0, 100, 100, 0, 0, 75, 50, 0, 100, 50, 100, 100, 100, 0]",70,75,30,95,30,100,100,80,0,66.66666667,"[100, 100, 0, nan]",100,100,100,0,,,,,,,,0,[],,,,,34.50641026,,57.69230769,5.333333333,,,50,25,0,,[],16.66666667,100,100,100,100,100,,,100,,,,48.14814815,"[100, 100, 0, 0, 100, 100, 0, 100, 0, 0, 0, 100, 100, 0, 100, 100, 100, 0, 0, 100, 0, 0, 0, 100, 100, 0, 0]",48.14814815,,0,52,0
COG_000180,Mbila Centre de Santé Intégré,Lékoumou,,PRIMARY,HEALTH CENTRE,,HEALTH CENTER,,RURAL,OUTPATIENT ONLY,PRIMARY,1267,0,0,100,100,100,30,30,[30.0],30,,,,"[nan, nan, nan, nan, nan]","[nan, nan, nan, nan, nan, nan, nan, nan, nan, nan, nan, nan, nan, nan, nan, nan, nan, nan, nan, nan, nan, nan, nan, nan, nan, nan, nan, nan, nan, nan, nan, nan, nan, nan, nan, nan, nan, nan, nan, nan, nan, nan, nan, nan, nan]",,,,,,,,,,0,[],0,,,,,0,0,,0,0,0,1,[0.0],0,0,0,0,15.33333333,0,75,1.666666667,0,0,,,1,0,[0],100,75,,,,100,100,100,0,,,,,[nan],,,50,8,4
COG_000196,Tsinguidi Centre de Santé Intégré,Niari,,PRIMARY,HEALTH CENTRE,,INTEGRATED HEALTH CENTER,,URBAN,OUTPATIENT ONLY,PRIMARY,2345,100,0,100,100,100,56,56,"[70.0, 60.0, 40.0, 50.0, 60.0]",56,,,,"[nan, nan, nan, nan, nan]","[nan, nan, nan, nan, nan, nan, nan, nan, nan, nan, nan, nan, nan, nan, nan, nan, nan, nan, nan, nan, nan, nan, nan, nan, nan, nan, nan, nan, nan, nan, nan, nan, nan, nan, nan, nan, nan, nan, nan, nan, nan, nan, nan, nan, nan]",,,,,,,,,,75,"[100, 0, 100, 100]",100,100,0,100,100,66.66666667,100,,100,0,0,1,[0.0],0,0,0,0,45.49726776,66.66666667,100,10,0,50.81967213,,,1,0,[0],100,40,0,,,0,100,100,0,,,,,[nan],,,50,6,3
COG_000114,Mayama Centre de Santé Intégré,Pool,,PRIMARY,HEALTH CENTRE,,INTEGRATED HEALTH CENTER,,RURAL,BOTH OUT AND INPATIENT,PRIMARY,8572,0,0,100,100,100,20,20,"[20.0, 20.0, 20.0]",20,,,,"[nan, nan, nan, nan, nan]","[nan, nan, nan, nan, nan, nan, nan, nan, nan, nan, nan, nan, nan, nan, nan, nan, nan, nan, nan, nan, nan, nan, nan, nan, nan, nan, nan, nan, nan, nan, nan, nan, nan, nan, nan, nan, nan, nan, nan, nan, nan, nan, nan, nan, nan]",,,,,,,,,,0,[],0,,,,,33.33333333,0,,100,0,,0,[],,,,,51.11111111,33.33333333,100,20,,,,,0,,[],83.33333333,100,,,,100,100,100,100,,,,,[nan],,,40,5,2
COG_000240,Mpouya Centre de Santé Intégré,Plateaux,,PRIMARY,HEALTH CENTRE,,INTEGRATED HEALTH CENTER,,URBAN,BOTH OUT AND INPATIENT,PRIMARY,15553,100,0,100,100,100,78.51851852,70,"[70.0, 70.0, 70.0]",70,,,87.03703704,"[100.0, 80.55555555555556, 80.55555555555556, nan, nan]","[100, 100, 100, 100, 100, 100, 100, 100, nan, 100, 100, 75, 75, 75, 100, 100, 100, 0, 100, 100, 75, 75, 75, 100, 100, 100, 0, nan, nan, nan, nan, nan, nan, nan, nan, nan, nan, nan, nan, nan, nan, nan, nan, nan, nan]",100,100,83.33333333,83.33333333,83.33333333,100,100,100,0,75,"[100, 0, 100, 100]",100,100,0,100,100,66.66666667,100,,100,0,0,1,[0.0],0,0,0,0,58.33333333,66.66666667,100,0,66.66666667,,,,1,0,[0],100,100,100,,,100,100,100,100,,,,3.703703704,"[0, 0, 0, 0, 0, 0, 0, 0, 0, 0, 0, 0, 0, 0, 0, 100, 0, 0, 0, 0, 0, 0, 0, 0, 0, 0, 0]",3.703703704,,75,4,3
COG_000161,Loutété Hôpital Comboutique,Bouenza,,SECONDARY,DISTRICT HOSPITAL,,HOSPITAL,,URBAN,BOTH OUT AND INPATIENT,SECONDARY,53718,100,100,100,100,100,57.2358631,46.42857143,"[60.0, 60.0, 60.0, 60.0, 60.0, 0.0, 0.0, 0.0, 0.0, 100.0, 50.0, 50.0, 50.0, 100.0]",60,0,70,68.04315476,"[69.44444444444444, 85.71428571428571, 38.888888888888886, 78.125, nan]","[100, 100, 75, 50, 0, 100, 100, 100, 0, 100, 100, 0, 100, nan, 100, 100, 100, nan, 25, 100, 25, 100, 0, 0, 0, 100, 0, 100, 100, 0, 100, 25, 100, 100, 100, nan, nan, nan, nan, nan, nan, nan, nan, nan, nan]",81.25,100,25,87.5,8.333333333,75,75,100,0,0,[],0,,,,,66.66666667,100,,100,0,15,5,"[25.0, 25.0, 0.0, 25.0, 0.0]",60,0,0,0,42.68287435,66.66666667,75,1.25,40,65.86345382,50,0,5,0,"[0, 0, 0, 0, 0]",100,71.42857143,0,100,100,100,100,100,0,0,0,0,18.51851852,"[0, 0, 0, 0, 0, 0, 0, 100, 0, 0, 0, 0, 0, 0, 100, 100, 100, 0, 0, 0, 0, 0, 0, 0, 100, 0, 0]",18.51851852,,56.92307692,65,37
COG_000155,Nkayi Hôpital Comboutique,Bouenza,,SECONDARY,DISTRICT HOSPITAL,,HOSPITAL,,URBAN,BOTH OUT AND INPATIENT,SECONDARY,102954,100,0,100,0,0,38.16964286,10,"[0.0, 0.0, 50.0, 0.0, 0.0]",,10,,66.33928571,"[62.5, 56.25, 82.14285714285714, 59.375, 71.42857142857143]","[100, 100, 25, 75, 0, 0, 100, 100, nan, 75, 100, 75, 100, nan, 0, 0, 100, 0, 100, 100, 75, 100, 0, 100, nan, 100, nan, 75, 75, 25, 75, 25, 0, 100, 100, nan, 75, 75, 25, 25, nan, 100, 100, 100, nan]",85,90,45,75,8.333333333,40,75,100,0,0,[],0,,,,,,,,,,,0,[],,,,,33.55191257,,100,0.655737705,,,,0,0,,[],100,100,100,100,,100,,,,50,0,100,37.03703704,"[0, 0, 0, 0, 100, 100, 0, 100, 0, 0, 0, 0, 100, 0, 100, 100, 100, 100, 100, 100, 0, 0, 0, 0, 0, 0, 0]",37.03703704,,0,30,0
COG_000160,Mont-Belo Centre de Santé Intégré,Bouenza,,PRIMARY,HEALTH CENTRE,,INTEGRATED HEALTH CENTER,,RURAL,OUTPATIENT ONLY,PRIMARY,6156,100,0,100,100,100,38.80787037,15,"[20.0, 10.0]",15,,,62.61574074,"[68.75, 71.875, 47.22222222222222, nan, nan]","[75, 100, 25, 75, 75, 100, 0, 100, nan, 75, 100, 25, 75, 0, 100, 100, 100, nan, 100, 100, 25, 75, 25, 0, 0, 100, 0, nan, nan, nan, nan, nan, nan, nan, nan, nan, nan, nan, nan, nan, nan, nan, nan, nan, nan]",83.33333333,100,25,75,33.33333333,66.66666667,33.33333333,100,0,75,"[100, 100, 0, 100]",100,100,100,0,100,16.66666667,0,,50,0,0,4,"[0.0, 0.0, 0.0, 0.0]",0,0,0,0,34.70948012,16.66666667,50,0,50,56.88073394,,,4,0,"[0, 0, 0, 0]",100,60,0,,,100,0,100,100,,,,18.51851852,"[0, 0, 0, 0, 0, 0, 0, 100, 100, 0, 0, 0, 0, 0, 100, 100, 100, 0, 0, 0, 0, 0, 0, 0, 0, 0, 0]",18.51851852,,,8,999
COG_000171,Bouansa Centre de Santé Intégré,Bouenza,,PRIMARY,HEALTH CENTRE,,HEALTH CENTER,,URBAN,OUTPATIENT ONLY,PRIMARY,23946,100,0,100,100,100,40.18849206,18.57142857,"[30.0, 30.0, 30.0, 20.0, 20.0, 0.0, 0.0]",26,0,,61.80555556,"[66.66666666666667, 50.0, 66.66666666666667, 63.888888888888886, nan]","[100, 100, 50, 100, 50, 100, 0, 100, 0, 100, 100, 50, nan, 0, 0, 0, 100, nan, 100, 100, 50, nan, 50, nan, nan, 100, 0, 100, 100, 100, 75, 0, 100, 0, 100, 0, nan, nan, nan, nan, nan, nan, nan, nan, nan]",100,100,62.5,87.5,25,66.66666667,0,100,0,75,"[0, 100, 100, 100]",100,0,100,100,100,53.33333333,60,,100,0,0,5,"[0.0, 0.0, 0.0, 0.0, 0.0]",0,0,0,0,60.27692308,53.33333333,100,6,60,82.05128205,,,5,0,"[0, 0, 0, 0, 0]",83.33333333,50,0,0,,100,0,100,100,,,,29.62962963,"[100, 0, 0, 0, 100, 100, 0, 100, 0, 0, 100, 0, 0, 0, 100, 100, 100, 0, 0, 0, 0, 0, 0, 0, 0, 0, 0]",29.62962963,,17.85714286,28,5
COG_000296,Sister Blandine Centre de Santé Intégré,Sangha,,PRIMARY,COMPREHENSIVE HEALTH CENTRE/ POLY CLINIC,,POLYCLINIC,,RURAL,BOTH OUT AND INPATIENT,SECONDARY,9,100,100,100,100,100,88.76736111,82.22222222,"[90.0, 90.0, 88.88888888888889, 100.0, 50.0, 50.0, 50.0, 50.0, 100.0, 100.0, 100.0, 100.0, 100.0]",89.62962963,60,100,95.3125,"[100.0, 90.625, nan, nan, nan]","[100, 100, 100, 100, 100, 100, 100, 100, nan, 75, 100, 100, 100, 50, 100, 100, 100, nan, nan, nan, nan, nan, nan, nan, nan, nan, nan, nan, nan, nan, nan, nan, nan, nan, nan, nan, nan, nan, nan, nan, nan, nan, nan, nan, nan]",87.5,100,100,100,75,100,100,100,,100,"[100, 100, 100, nan]",100,100,100,100,,61.11111111,100,,100,0,,0,[],,,,,43.65079365,61.11111111,100,2.777777778,0,41.66666667,0,100,0,,[],16.66666667,85.71428571,100,100,100,100,100,100,0,50,0,100,55.55555556,"[100, 0, 0, 0, 100, 100, 0, 100, 0, 0, 0, 100, 0, 100, 100, 100, 100, 0, 100, 100, 0, 0, 100, 100, 100, 100, 0]",55.55555556,,12.5,8,1
COG_000209,Malolo II Centre de Santé Intégré,Niari,,PRIMARY,HEALTH CENTRE,,INTEGRATED HEALTH CENTER,,URBAN,OUTPATIENT ONLY,PRIMARY,5427,100,0,100,0,100,,,[],,,,,"[nan, nan, nan, nan, nan]","[nan, nan, nan, nan, nan, nan, nan, nan, nan, nan, nan, nan, nan, nan, nan, nan, nan, nan, nan, nan, nan, nan, nan, nan, nan, nan, nan, nan, nan, nan, nan, nan, nan, nan, nan, nan, nan, nan, nan, nan, nan, nan, nan, nan, nan]",,,,,,,,,,75,"[100, 0, 100, 100]",100,100,0,100,100,,,,,,0,1,[0.0],0,0,0,0,62.5862069,,100,5,,82.75862069,,,1,0,[0],100,50,0,,,100,,0,100,,,,0,"[0, 0, 0, 0, 0, 0, 0, 0, 0, 0, 0]",,0,,999,999
COG_000291,Ewo Hôpital de Base,Cuvette-Ouest,,SECONDARY,DISTRICT HOSPITAL,,HOSPITAL,,URBAN,BOTH OUT AND INPATIENT,SECONDARY,9,100,100,100,0,0,69.72222222,45,"[0.0, 0.0, 50.0, 0.0, 0.0, 50.0, 100.0, 100.0, 100.0, 50.0]",,10,80,94.44444444,"[88.88888888888889, 100.0, 88.88888888888889, 100.0, nan]","[100, 100, 100, 100, 100, 0, 100, 100, 100, 100, 100, 100, 100, 100, 100, 100, 100, 100, 100, 100, 100, 100, 100, 0, 100, 100, 100, 100, 100, 100, 100, 100, 100, 100, 100, nan, nan, nan, nan, nan, nan, nan, nan, nan, nan]",100,100,100,100,100,50,100,100,100,100,"[100, 100, 100, nan]",100,100,100,100,,,,,,,,0,[],,,,,100,,,,,,100,100,0,,[],0,100,100,100,100,100,,,100,,,,29.62962963,"[100, 0, 0, 0, 100, 100, 0, 100, 0, 0, 0, 0, 0, 0, 100, 100, 0, 0, 0, 0, 0, 0, 100, 100, 0, 0, 0]",29.62962963,,45.57823129,147,67
COG_000233,OllomboI Centre de Santé Intégré,Plateaux,,PRIMARY,HEALTH CENTRE,,INTEGRATED HEALTH CENTER,,RURAL,BOTH OUT AND INPATIENT,PRIMARY,13336,100,0,100,100,100,75.27777778,80,"[80.0, 80.0, 80.0, 80.0, 80.0]",80,,,70.55555556,"[75.0, 80.55555555555556, 72.22222222222223, 75.0, 50.0]","[50, 100, 75, 100, 50, 100, 100, 100, 0, 100, 100, 100, 100, 25, 100, 100, 100, 0, 75, 100, 50, 100, 25, 100, 100, 100, 0, 25, 100, 75, 100, 75, 100, 100, 100, 0, 0, 50, 75, 100, 25, 100, 100, 0, 0]",50,90,75,100,40,100,100,80,0,75,"[100, 100, 0, 100]",100,100,100,0,100,66.66666667,100,,100,0,25,1,[25.0],0,0,100,0,67.6789916,66.66666667,83.33333333,1,100,87.39495798,,,1,100,[100],100,100,100,,,100,100,100,100,,,,22.22222222,"[100, 0, 0, 0, 100, 100, 0, 100, 0, 0, 0, 0, 0, 0, 100, 100, 0, 0, 0, 0, 0, 0, 0, 0, 0, 0, 0]",22.22222222,,0,18,0
COG_000301,Ouesso l’Hôpital de Base,Sangha,,SECONDARY,REGIONAL/PROVINCIAL REFERRAL HOSPITAL,,HOSPITAL,,RURAL,BOTH OUT AND INPATIENT,SECONDARY,9,100,100,100,100,0,89.35185185,83.33333333,"[90.0, 90.0, 90.0, 90.0, 90.0, 50.0, 100.0, 50.0, 50.0, 50.0, 100.0, 100.0, 100.0, 100.0, 100.0]",90,60,100,95.37037037,"[86.11111111111111, 100.0, 100.0, nan, nan]","[75, 100, 100, 100, 100, 100, 100, 100, 0, 100, 100, 100, nan, nan, 100, 100, 100, 100, 100, 100, 100, 100, nan, 100, 100, 100, 100, nan, nan, nan, nan, nan, nan, nan, nan, nan, nan, nan, nan, nan, nan, nan, nan, nan, nan]",91.66666667,100,100,100,100,100,100,100,66.66666667,100,"[100, 100, 100, nan]",100,100,100,100,,66.66666667,100,,100,0,,0,[],,,,,28.05555556,66.66666667,100,1.666666667,0,,0,0,0,,[],0,33.33333333,0,0,100,100,0,,0,100,100,100,59.25925926,"[100, 100, 100, 0, 100, 100, 0, 100, 0, 0, 0, 100, 0, 0, 100, 100, 100, 0, 100, 100, 0, 0, 100, 100, 100, 100, 0]",59.25925926,,0,127,0
COG_000306,Liouesso Centre de Santé Intégré,Sangha,,PRIMARY,HEALTH CENTRE,,INTEGRATED HEALTH CENTER,,PERIURBAN,OUTPATIENT ONLY,PRIMARY,1180,0,0,100,100,100,50,50,[50.0],50,,,,"[nan, nan, nan, nan, nan]","[nan, nan, nan, nan, nan, nan, nan, nan, nan, nan, nan, nan, nan, nan, nan, nan, nan, nan, nan, nan, nan, nan, nan, nan, nan, nan, nan, nan, nan, nan, nan, nan, nan, nan, nan, nan, nan, nan, nan, nan, nan, nan, nan, nan, nan]",,,,,,,,,,100,"[100, 100, 100, nan]",100,100,100,100,,66.66666667,100,,100,0,,0,[],,,,,50,66.66666667,33.33333333,0,100,,,,0,,[],50,0,,,,0,0,0,0,,,,0,"[0, 0, 0, 0, 0, 0, 0, 0, 0, 0, 0, 0, 0, 0, 0, 0, 0, 0, 0, 0, 0, 0, 0, 0, 0, 0, 0]",0,,0,1,0
COG_000290,Kellé Centre de Santé Intégré,Cuvette-Ouest,,PRIMARY,OTHER (SPECIFY),CSI  à PMAE,INTEGRATED HEALTH CENTER,,RURAL,BOTH OUT AND INPATIENT,SECONDARY,16416,100,0,100,100,100,62.12962963,67.77777778,"[100.0, 90.0, 90.0, 90.0, 90.0, 0.0, 50.0, 50.0, 50.0]",92,37.5,,56.48148148,"[47.22222222222222, 58.333333333333336, 63.888888888888886, nan, nan]","[75, 0, 0, 75, 75, 100, 0, 100, 0, 75, 75, 0, 75, 0, 100, 100, 100, 0, 75, 75, 50, 75, 100, 100, 0, 100, 0, nan, nan, nan, nan, nan, nan, nan, nan, nan, nan, nan, nan, nan, nan, nan, nan, nan, nan]",75,50,16.66666667,75,58.33333333,100,33.33333333,100,0,100,"[100, 100, 100, 100]",100,100,100,100,100,73.33333333,100,,100,20,0,5,"[0.0, 0.0, 0.0, 0.0, 0.0]",0,0,0,0,72.34207558,73.33333333,100,1.666666667,100,92.3857868,,66.66666667,5,0,"[0, 0, 0, 0, 0]",66.66666667,100,100,100,,100,100,100,100,,,,18.51851852,"[100, 0, 0, 0, 0, 0, 0, 100, 100, 0, 0, 100, 0, 0, 0, 100, 0, 0, 0, 0, 0, 0, 0, 0, 0, 0, 0]",18.51851852,,9.090909091,33,3
COG_000288,Mbomo Centre de Santé Intégré,Cuvette-Ouest,,PRIMARY,HEALTH CENTRE,,INTEGRATED HEALTH CENTER,,RURAL,BOTH OUT AND INPATIENT,SECONDARY,7313,100,0,100,100,100,75.99206349,73.33333333,"[80.0, 90.0, 90.0, 90.0, 90.0, 0.0]",88,0,,78.65079365,"[77.77777777777777, 77.77777777777777, 77.77777777777777, 82.14285714285714, 77.77777777777777]","[100, 100, 0, 100, 100, 100, 100, 100, 0, 100, 100, 0, 100, 100, 100, 100, 100, 0, 100, 100, 0, 100, 100, 100, 100, 100, 0, 100, 100, 0, 100, 75, 100, nan, 100, nan, 100, 100, 0, 100, 100, 100, 100, 100, 0]",100,100,0,100,95,100,100,100,0,100,"[100, 100, 100, 100]",100,100,100,100,100,66.66666667,100,,100,0,0,5,"[0.0, 0.0, 0.0, 0.0, 0.0]",0,0,0,0,77.94444444,66.66666667,100,1,100,100,,100,5,0,"[0, 0, 0, 0, 0]",100,100,100,100,,100,100,100,100,,,,37.03703704,"[100, 0, 0, 0, 100, 0, 0, 100, 100, 0, 0, 100, 0, 100, 100, 100, 0, 0, 100, 100, 0, 0, 0, 0, 0, 0, 0]",37.03703704,,64.70588235,17,11
COG_000169,Kayes Centre de Santé Intégré,Bouenza,,PRIMARY,HEALTH CENTRE,,INTEGRATED HEALTH CENTER,,RURAL,OUTPATIENT ONLY,PRIMARY,8643,100,0,100,100,100,60,60,"[60.0, 60.0, 60.0, 60.0, 60.0]",60,,,,"[nan, nan, nan, nan, nan]","[nan, nan, nan, nan, nan, nan, nan, nan, nan, nan, nan, nan, nan, nan, nan, nan, nan, nan, nan, nan, nan, nan, nan, nan, nan, nan, nan, nan, nan, nan, nan, nan, nan, nan, nan, nan, nan, nan, nan, nan, nan, nan, nan, nan, nan]",,,,,,,,,,75,"[100, 100, 0, 100]",100,100,100,0,100,33.33333333,100,,0,0,0,5,"[0.0, 0.0, 0.0, 0.0, 0.0]",0,0,0,0,35.83333333,33.33333333,37.5,8.333333333,0,100,,,5,0,"[0, 0, 0, 0, 0]",100,80,100,,,100,100,100,0,,,,14.81481481,"[0, 0, 0, 0, 0, 0, 0, 100, 0, 0, 0, 0, 0, 0, 100, 100, 100, 0, 0, 0, 0, 0, 0, 0, 0, 0, 0]",14.81481481,,40.90909091,22,9
COG_000285,Etoumbi Hopital de Base,Cuvette-Ouest,,SECONDARY,DISTRICT HOSPITAL,,HOSPITAL,,RURAL,BOTH OUT AND INPATIENT,SECONDARY,58630,100,100,100,0,0,85.06944444,100,"[100.0, 100.0, 100.0, 100.0, 100.0, 100.0, 100.0, 100.0]",,100,100,70.13888889,"[65.625, 78.125, 66.66666666666667, nan, nan]","[75, 75, 0, 75, 0, 100, 100, 100, nan, 75, 75, 25, 100, 50, 100, 100, 100, nan, 100, 100, 50, 75, 75, 100, 0, 100, 0, nan, nan, nan, nan, nan, nan, nan, nan, nan, nan, nan, nan, nan, nan, nan, nan, nan, nan]",83.33333333,83.33333333,25,83.33333333,41.66666667,100,66.66666667,100,0,75,"[0, 100, 100, 100]",100,0,100,100,100,,,,,,0,2,"[0.0, 0.0]",0,0,0,0,40.53571429,,100,2.142857143,,,0,60,2,0,"[0, 0]",16.66666667,100,100,100,100,100,,,100,100,100,100,37.03703704,"[100, 0, 0, 0, 100, 0, 0, 100, 100, 0, 100, 100, 0, 0, 100, 100, 0, 0, 0, 100, 0, 0, 0, 100, 0, 0, 0]",37.03703704,,0,13,0
COG_000185,Makanda Centre de Santé Intégré,Lékoumou,,PRIMARY,HEALTH CENTRE,,HEALTH CENTER,,RURAL,OUTPATIENT ONLY,PRIMARY,5083,100,0,100,100,100,,,[],,,,,"[nan, nan, nan, nan, nan]","[nan, nan, nan, nan, nan, nan, nan, nan, nan, nan, nan, nan, nan, nan, nan, nan, nan, nan, nan, nan, nan, nan, nan, nan, nan, nan, nan, nan, nan, nan, nan, nan, nan, nan, nan, nan, nan, nan, nan, nan, nan, nan, nan, nan, nan]",,,,,,,,,,0,[],0,,,,,,,,,,0,2,"[0.0, 0.0]",0,0,0,0,53.49872774,,75,0,,85.49618321,,,2,0,"[0, 0]",66.66666667,20,0,,,100,0,0,0,,,,,[nan],,,50,8,4
COG_000189,Kimandou Centre de Santé Intégré,Lékoumou,,PRIMARY,HEALTH CENTRE,,HEALTH CENTER,,RURAL,OUTPATIENT ONLY,PRIMARY,2000,100,0,100,100,100,100,,[],,,,100,"[100.0, nan, nan, nan, nan]","[100, 100, 100, 100, 100, 100, 100, 100, nan, nan, nan, nan, nan, nan, nan, nan, nan, nan, nan, nan, nan, nan, nan, nan, nan, nan, nan, nan, nan, nan, nan, nan, nan, nan, nan, nan, nan, nan, nan, nan, nan, nan, nan, nan, nan]",100,100,100,100,100,100,100,100,,0,[],0,,,,,,,,,,0,1,[0.0],0,0,0,0,57.22222222,,66.66666667,5,,100,,,1,0,[0],100,60,0,,,100,100,100,0,,,,,[nan],,,57.14285714,7,4
COG_000258,Djambala l’Hôpital de Base,Plateaux,,PRIMARY,DISTRICT HOSPITAL,,HOSPITAL,,URBAN,BOTH OUT AND INPATIENT,SECONDARY,62300,100,100,100,0,0,16.66666667,16.66666667,"[0.0, 0.0, 50.0]",,,16.66666667,,"[nan, nan, nan, nan, nan]","[nan, nan, nan, nan, nan, nan, nan, nan, nan, nan, nan, nan, nan, nan, nan, nan, nan, nan, nan, nan, nan, nan, nan, nan, nan, nan, nan, nan, nan, nan, nan, nan, nan, nan, nan, nan, nan, nan, nan, nan, nan, nan, nan, nan, nan]",,,,,,,,,,100,"[100, nan, nan, 100]",100,100,,,100,,,,,,20,5,"[25.0, 25.0, 25.0, 25.0, 0.0]",80,0,0,0,1.086956522,,,1.086956522,,,,,5,0,"[0, 0, 0, 0, 0]",66.66666667,75,100,,0,100,,,100,50,0,100,14.81481481,"[0, 0, 0, 0, 0, 0, 0, 0, 0, 0, 0, 0, 0, 0, 100, 100, 0, 0, 0, 100, 0, 0, 0, 100, 0, 0, 0]",14.81481481,,16.27906977,43,7
COG_000236,Nsah Centre de Santé Intégré,Plateaux,,PRIMARY,HEALTH CENTRE,,INTEGRATED HEALTH CENTER,,RURAL,BOTH OUT AND INPATIENT,PRIMARY,7482,100,0,100,100,100,56.81818182,56.81818182,"[40.0, 60.0, 72.72727272727273, 54.54545454545455]",56.81818182,,,,"[nan, nan, nan, nan, nan]","[nan, nan, nan, nan, nan, nan, nan, nan, nan, nan, nan, nan, nan, nan, nan, nan, nan, nan, nan, nan, nan, nan, nan, nan, nan, nan, nan, nan, nan, nan, nan, nan, nan, nan, nan, nan, nan, nan, nan, nan, nan, nan, nan, nan, nan]",,,,,,,,,,100,"[100, nan, nan, 100]",100,100,,,100,64.58333333,100,50,100,0,25,1,[25.0],100,0,0,0,58.4375,64.58333333,66.66666667,2.5,100,,,,1,0,[0],66.66666667,100,100,,,100,100,100,,,,,,[nan],,,,7,999
COG_000254,Etsouali Centre de Santé Intégré,Plateaux,,PRIMARY,HEALTH CENTRE,,INTEGRATED HEALTH CENTER,,RURAL,OUTPATIENT ONLY,PRIMARY,6363,100,0,100,100,100,48,48,"[50.0, 50.0, 50.0, 40.0, 50.0]",48,,,,"[nan, nan, nan, nan, nan]","[nan, nan, nan, nan, nan, nan, nan, nan, nan, nan, nan, nan, nan, nan, nan, nan, nan, nan, nan, nan, nan, nan, nan, nan, nan, nan, nan, nan, nan, nan, nan, nan, nan, nan, nan, nan, nan, nan, nan, nan, nan, nan, nan, nan, nan]",,,,,,,,,,100,"[100, nan, 100, 100]",100,100,,100,100,60,80,,100,0,12.5,2,"[0.0, 25.0]",50,0,0,0,39.33333333,60,100,3.333333333,33.33333333,0,,,2,0,"[0, 0]",16.66666667,80,100,,,100,0,100,100,,,,,[nan],,,33.33333333,6,2
COG_000002,HG mère-Enfant Blanche GOMEZ,Brazzaville,,TERTIARY,NATIONAL REFERRAL HOSPITAL,,HOSPITAL,,URBAN,BOTH OUT AND INPATIENT,TERTIARY,9,100,0,100,100,100,55.27462121,64.09090909,"[70.0, 80.0, 80.0, 70.0, 90.9090909090909, 50.0, 50.0, 50.0, 50.0, 50.0]",78.18181818,50,,46.45833333,"[56.25, 5.555555555555555, 59.375, 55.55555555555556, 55.55555555555556]","[75, 50, 25, nan, 0, 100, 100, 100, 0, 25, 0, 25, 0, 0, 0, 0, 0, 0, 25, 75, 25, nan, 50, 100, 100, 100, 0, 75, 75, 25, 25, 0, 100, 100, 100, 0, 25, 100, 25, 50, 0, 100, 100, 100, 0]",45,60,25,25,10,80,80,80,0,66.66666667,"[100, 0, 100, nan]",100,100,0,100,,60,60,100,80,40,,0,[],,,,,46.66666667,60,,,0,,,80,0,,[],16.66666667,100,100,100,,100,100,100,100,50,100,0,44.44444444,"[100, 100, 0, 100, 100, 100, 0, 0, 100, 100, 0, 0, 0, 0, 100, 100, 0, 0, 100, 100, 100, 0, 0, 0, 0, 0, 0]",44.44444444,,,999,999
COG_000009,Mfilou l'Hopital de Base sinocongolaise,Brazzaville,,SECONDARY,NATIONAL REFERRAL HOSPITAL,,HOSPITAL,,URBAN,BOTH OUT AND INPATIENT,SECONDARY,9,100,100,100,0,0,57.56944444,76.66666667,"[50.0, 50.0, 50.0, 50.0, 66.66666666666667, 100.0, 100.0, 100.0, 100.0, 100.0]",,53.33333333,100,38.47222222,"[25.0, 53.125, 53.125, 50.0, 11.11111111111111]","[50, 25, 25, nan, 0, 0, 0, 100, 0, 25, 75, 25, nan, 0, 100, 100, 100, 0, 50, 25, 50, nan, 0, 100, 100, 100, 0, 25, 75, 0, 50, 0, 100, 100, 100, 0, 0, 75, 25, 0, 0, 0, 0, 0, 0]",30,55,25,25,0,60,60,80,0,0,[],0,,,,,,,,,,,0,[],,,,,77.5,,,,,,80,75,0,,[],100,80,100,100,100,100,,,0,,,,59.25925926,"[100, 100, 0, 0, 100, 0, 0, 100, 100, 100, 100, 100, 100, 0, 100, 100, 0, 0, 0, 100, 100, 0, 0, 100, 100, 100, 0]",59.25925926,,,23,999
COG_000123,Loumo Centre de Santé Intégré,Pool,,PRIMARY,HEALTH CENTRE,,INTEGRATED HEALTH CENTER,,RURAL,BOTH OUT AND INPATIENT,PRIMARY,215,0,0,100,100,100,,,[],,,,,"[nan, nan, nan, nan, nan]","[nan, nan, nan, nan, nan, nan, nan, nan, nan, nan, nan, nan, nan, nan, nan, nan, nan, nan, nan, nan, nan, nan, nan, nan, nan, nan, nan, nan, nan, nan, nan, nan, nan, nan, nan, nan, nan, nan, nan, nan, nan, nan, nan, nan, nan]",,,,,,,,,,0,[],0,,,,,,,,,,,0,[],,,,,11.11111111,,33.33333333,0,,0,,,0,,[],16.66666667,25,,,,0,0,100,0,,,,,[nan],,,,6,999
COG_000140,Kimpila Centre de Santé Intégré,Pool,,PRIMARY,HEALTH CENTRE,,INTEGRATED HEALTH CENTER,,RURAL,OUTPATIENT ONLY,PRIMARY,9,0,0,100,100,100,,,[],,,,,"[nan, nan, nan, nan, nan]","[nan, nan, nan, nan, nan, nan, nan, nan, nan, nan, nan, nan, nan, nan, nan, nan, nan, nan, nan, nan, nan, nan, nan, nan, nan, nan, nan, nan, nan, nan, nan, nan, nan, nan, nan, nan, nan, nan, nan, nan, nan, nan, nan, nan, nan]",,,,,,,,,,100,"[100, 100, 100, 100]",100,100,100,100,100,,,,,,,0,[],,,,,54.16666667,,100,0,,62.5,,,0,,[],16.66666667,0,,,,0,0,0,0,,,,,[nan],,,100,0,0
COG_000220,Dolisie l’Hôpital de Base,Niari,,SECONDARY,DISTRICT HOSPITAL,,HOSPITAL,,URBAN,BOTH OUT AND INPATIENT,SECONDARY,24963,100,0,100,100,100,63.125,51.25,"[70.0, 60.0, 90.0, 90.0, 50.0, 0.0, 50.0, 0.0]",77.5,25,,75,"[75.0, nan, nan, nan, nan]","[75, 75, 75, 75, 75, 100, 100, 100, 0, nan, nan, nan, nan, nan, nan, nan, nan, nan, nan, nan, nan, nan, nan, nan, nan, nan, nan, nan, nan, nan, nan, nan, nan, nan, nan, nan, nan, nan, nan, nan, nan, nan, nan, nan, nan]",75,75,75,75,75,100,100,100,0,66.66666667,"[100, 100, 0, nan]",100,100,100,0,,58.33333333,75,,100,0,,0,[],,,,,70.87777778,58.33333333,100,0.266666667,66.66666667,100,,100,0,,[],16.66666667,50,0,0,,100,0,100,100,,,,37.03703704,"[100, 0, 0, 0, 0, 0, 0, 100, 0, 0, 0, 100, 100, 0, 100, 100, 100, 100, 0, 100, 0, 0, 100, 0, 0, 0, 0]",37.03703704,,38.12154696,181,69
COG_000198,Tsembo Centre de Santé Intégré,Niari,,PRIMARY,HEALTH CENTRE,,INTEGRATED HEALTH CENTER,,RURAL,BOTH OUT AND INPATIENT,PRIMARY,3267,100,0,100,100,100,56.11111111,40,"[40.0, 40.0, 40.0]",40,,,72.22222222,"[80.55555555555556, 63.888888888888886, nan, nan, nan]","[100, 75, 75, 100, 75, 100, 100, 100, 0, 75, 75, 75, 75, 75, 0, 100, 100, 0, nan, nan, nan, nan, nan, nan, nan, nan, nan, nan, nan, nan, nan, nan, nan, nan, nan, nan, nan, nan, nan, nan, nan, nan, nan, nan, nan]",87.5,75,75,87.5,75,50,100,100,0,0,[],0,,,,,66.66666667,100,,100,0,25,3,"[25.0, 50.0, 0.0]",66.66666667,0,0,33.33333333,53.33333333,66.66666667,66.66666667,0,33.33333333,100,,,3,0,"[0, 0, 0]",100,20,0,,,100,0,0,0,,,,0,"[0, 0, 0, 0, 0, 0, 0, 0, 0, 0, 0]",,0,54.54545455,11,6
COG_000080,Mouissou Madeleine Centre de Santé Intégré,Pointe Noire,,PRIMARY,HEALTH CENTRE,,INTEGRATED HEALTH CENTER,,URBAN,OUTPATIENT ONLY,PRIMARY,14266,100,100,100,100,100,83.44444444,78,"[90.0, 90.0, 80.0, 80.0, 80.0, 50.0, 50.0, 50.0, 50.0, 50.0, 100.0, 100.0, 100.0, 100.0, 100.0]",84,50,100,88.88888889,"[88.88888888888889, 88.88888888888889, nan, nan, nan]","[100, 100, 100, 100, 100, 100, 100, 100, 0, 100, 100, 100, 100, 100, 100, 100, 100, 0, nan, nan, nan, nan, nan, nan, nan, nan, nan, nan, nan, nan, nan, nan, nan, nan, nan, nan, nan, nan, nan, nan, nan, nan, nan, nan, nan]",100,100,100,100,100,100,100,100,0,100,"[100, 100, 100, 100]",100,100,100,100,100,66.66666667,100,,100,0,,0,[],,,,,78.11111111,66.66666667,100,2,100,,100,100,0,,[],100,100,100,100,100,100,100,100,100,,,,48.14814815,"[100, 100, 0, 0, 100, 100, 0, 0, 0, 0, 0, 0, 100, 0, 100, 100, 0, 0, 100, 100, 0, 100, 0, 100, 100, 100, 0]",48.14814815,,,999,999
COG_000245,Lekana Centre de Santé Intégré,Plateaux,,PRIMARY,HEALTH CENTRE,,INTEGRATED HEALTH CENTER,,URBAN,BOTH OUT AND INPATIENT,PRIMARY,7569,100,0,100,100,100,90,90,[90.0],90,,,,"[nan, nan, nan, nan, nan]","[nan, nan, nan, nan, nan, nan, nan, nan, nan, nan, nan, nan, nan, nan, nan, nan, nan, nan, nan, nan, nan, nan, nan, nan, nan, nan, nan, nan, nan, nan, nan, nan, nan, nan, nan, nan, nan, nan, nan, nan, nan, nan, nan, nan, nan]",,,,,,,,,,100,"[100, nan, nan, 100]",100,100,,,100,66.66666667,0,,100,100,25,1,[25.0],0,0,0,100,70.1,66.66666667,83.33333333,0.5,100,100,,,1,0,[0],100,100,100,,,100,100,100,100,,,,,[nan],,,10.71428571,28,3
COG_000100,Odziba Centre de Santé Intégré,Pool,,PRIMARY,HEALTH CENTRE,,HEALTH CENTER,,PERIURBAN,OUTPATIENT ONLY,PRIMARY,2106,100,0,100,100,100,55.23809524,53.33333333,"[60.0, 40.0, 60.0]",53.33333333,,,57.14285714,"[57.142857142857146, nan, nan, nan, nan]","[75, 100, nan, nan, 25, 100, 0, 100, 0, nan, nan, nan, nan, nan, nan, nan, nan, nan, nan, nan, nan, nan, nan, nan, nan, nan, nan, nan, nan, nan, nan, nan, nan, nan, nan, nan, nan, nan, nan, nan, nan, nan, nan, nan, nan]",75,100,,,25,100,0,100,0,0,"[0, 0, 0, 0]",100,0,0,0,0,66.66666667,100,,100,0,0,3,"[0.0, 0.0, 0.0]",0,0,0,0,49.30870279,66.66666667,100,5,0,74.87684729,,,3,0,"[0, 0, 0]",50,80,100,,,100,0,100,100,,,,18.51851852,"[0, 0, 0, 0, 100, 0, 0, 0, 0, 0, 0, 0, 100, 100, 100, 100, 0, 0, 0, 0, 0, 0, 0, 0, 0, 0, 0]",18.51851852,,100,0,0
COG_000129,Linzolo l’Hôpital de Base,Pool,,SECONDARY,DISTRICT HOSPITAL,,HOSPITAL,,RURAL,BOTH OUT AND INPATIENT,SECONDARY,38992,0,0,100,0,0,,,[],,,,,"[nan, nan, nan, nan, nan]","[nan, nan, nan, nan, nan, nan, nan, nan, nan, nan, nan, nan, nan, nan, nan, nan, nan, nan, nan, nan, nan, nan, nan, nan, nan, nan, nan, nan, nan, nan, nan, nan, nan, nan, nan, nan, nan, nan, nan, nan, nan, nan, nan, nan, nan]",,,,,,,,,,50,"[nan, 100, 0, nan]",100,,100,0,,,,,,,,0,[],,,,,13.61111111,,22.22222222,5,,,,,0,,[],100,100,,,,100,,,,,,,22.22222222,"[0, 0, 0, 0, 0, 0, 0, 100, 0, 0, 0, 100, 0, 0, 100, 100, 100, 100, 0, 0, 0, 0, 0, 0, 0, 0, 0]",22.22222222,,81.81818182,11,9
COG_000141,Kimpanzou Centre de Santé Intégré,Pool,,PRIMARY,HEALTH CENTRE,,INTEGRATED HEALTH CENTER,,RURAL,OUTPATIENT ONLY,PRIMARY,5145,0,0,100,100,100,77.77777778,77.77777778,"[60.0, 70.0, 90.0, 80.0, 88.88888888888889]",77.77777778,,,,"[nan, nan, nan, nan, nan]","[nan, nan, nan, nan, nan, nan, nan, nan, nan, nan, nan, nan, nan, nan, nan, nan, nan, nan, nan, nan, nan, nan, nan, nan, nan, nan, nan, nan, nan, nan, nan, nan, nan, nan, nan, nan, nan, nan, nan, nan, nan, nan, nan, nan, nan]",,,,,,,,,,50,"[100, 0, 0, 100]",100,100,0,0,100,36.66666667,33.33333333,0,80,0,25,3,"[25.0, 25.0]",0,0,0,100,62.33333333,36.66666667,100,15,60,100,,,3,0,"[0, 0]",83.33333333,100,,,,100,100,100,100,,,,3.703703704,"[0, 0, 0, 0, 0, 0, 0, 0, 0, 0, 0, 0, 0, 0, 0, 100, 0, 0, 0, 0, 0, 0, 0, 0, 0, 0, 0]",3.703703704,,50,4,2
COG_000112,Mbanza Ndounga Centre de Santé Intégré,Pool,,PRIMARY,HEALTH CENTRE,,INTEGRATED HEALTH CENTER,,RURAL,OUTPATIENT ONLY,PRIMARY,9189,100,0,100,100,100,88.88888889,88.88888889,"[88.88888888888889, 88.88888888888889, 88.88888888888889]",88.88888889,,,,"[nan, nan, nan, nan, nan]","[nan, nan, nan, nan, nan, nan, nan, nan, nan, nan, nan, nan, nan, nan, nan, nan, nan, nan, nan, nan, nan, nan, nan, nan, nan, nan, nan, nan, nan, nan, nan, nan, nan, nan, nan, nan, nan, nan, nan, nan, nan, nan, nan, nan, nan]",,,,,,,,,,100,"[100, 100, 100, 100]",100,100,100,100,100,50,,,100,0,,0,[],,,,,52,50,66.66666667,10,33.33333333,100,,,0,,[],100,60,0,,,100,0,100,100,,,,29.62962963,"[100, 100, 0, 0, 100, 0, 0, 100, 0, 0, 100, 0, 0, 0, 100, 100, 100, 0, 0, 0, 0, 0, 0, 0, 0, 0, 0]",29.62962963,,64.70588235,17,11
COG_000108,Mindouli Hôpital Comboutique,Pool,,SECONDARY,NATIONAL REFERRAL HOSPITAL,,HOSPITAL,,URBAN,BOTH OUT AND INPATIENT,TERTIARY,82414,100,100,100,100,0,66.94444444,76.66666667,"[90.0, 90.0, 90.0, 90.0, 90.0, 33.333333333333336, 50.0, 50.0, 50.0, 66.66666666666667, 50.0, 100.0, 100.0, 100.0, 100.0]",90,50,90,57.22222222,"[63.888888888888886, 52.77777777777778, 55.55555555555556, 55.55555555555556, 58.333333333333336]","[50, 50, 75, 100, 0, 100, 100, 100, 0, 75, 100, 0, 100, 0, 0, 100, 100, 0, 100, 100, 0, 100, 0, 0, 100, 100, 0, 50, 50, 0, 100, 0, 100, 100, 100, 0, 75, 50, 0, 100, 0, 100, 100, 100, 0]",70,70,15,100,0,60,100,100,0,0,[],0,,,,,66.66666667,100,,100,0,,0,[],,,,,53.34320988,66.66666667,92.59259259,0.8,80,,80,0,0,,[],16.66666667,100,100,100,100,100,100,,100,,,,29.62962963,"[100, 0, 0, 0, 0, 0, 0, 0, 0, 0, 0, 100, 100, 100, 100, 100, 0, 0, 0, 100, 0, 0, 0, 100, 0, 0, 0]",29.62962963,,100,2,2
COG_000107,Missafou Centre de Santé Intégré,Pool,,PRIMARY,HEALTH CENTRE,,HEALTH CENTER,,RURAL,OUTPATIENT ONLY,PRIMARY,17797,100,0,100,100,100,68.01851852,74,"[70.0, 70.0, 70.0, 80.0, 80.0]",74,,,62.03703704,"[63.888888888888886, 61.111111111111114, 61.111111111111114, nan, nan]","[75, 50, 0, 100, 50, 100, 100, 100, 0, 50, 50, 50, 100, 0, 100, 100, 100, 0, 75, 75, 0, 100, 0, 100, 100, 100, 0, nan, nan, nan, nan, nan, nan, nan, nan, nan, nan, nan, nan, nan, nan, nan, nan, nan, nan]",66.66666667,58.33333333,16.66666667,100,16.66666667,100,100,100,0,75,"[100, 100, 0, 100]",100,100,100,0,100,66.66666667,100,,100,0,6.25,4,"[0.0, 0.0, 0.0, 25.0]",25,0,0,0,50.20825295,66.66666667,62.5,3,20,98.87459807,,,4,0,"[0, 0, 0, 0]",100,100,100,,,100,100,100,100,,,,29.62962963,"[100, 0, 0, 0, 100, 0, 0, 100, 100, 0, 0, 100, 0, 0, 100, 100, 0, 0, 0, 100, 0, 0, 0, 0, 0, 0, 0]",29.62962963,,0,8,0
COG_000142,Kimbedi Centre de Santé Intégré,Pool,,PRIMARY,HEALTH CENTRE,,HEALTH CENTER,,RURAL,OUTPATIENT ONLY,PRIMARY,3821,0,0,100,100,100,54.55555556,48,"[40.0, 50.0, 50.0, 50.0, 50.0]",48,,,61.11111111,"[61.111111111111114, 58.333333333333336, 66.66666666666667, 58.333333333333336, nan]","[50, 100, 0, 100, 0, 100, 100, 100, 0, 75, 50, 0, 100, 0, 100, 100, 100, 0, 100, 100, 0, 100, 0, 100, 100, 100, 0, 50, 75, 0, 100, 0, 100, 100, 100, 0, nan, nan, nan, nan, nan, nan, nan, nan, nan]",68.75,81.25,0,100,0,100,100,100,0,75,"[100, 100, 0, 100]",100,100,100,0,100,33.33333333,0,,100,0,0,3,"[0.0, 0.0, 0.0]",0,0,0,0,47.69927536,33.33333333,80,11.25,20,93.91304348,,,3,0,"[0, 0, 0]",100,50,,,,100,100,0,0,,,,,[nan],,,28.57142857,7,2
COG_000238,Ngo Centre de Santé Intégré,Plateaux,,PRIMARY,HEALTH CENTRE,,INTEGRATED HEALTH CENTER,,URBAN,BOTH OUT AND INPATIENT,PRIMARY,14523,100,0,100,100,100,55.07575758,51.81818182,"[54.54545454545455, 50.0, 60.0, 55.55555555555556, 44.44444444444444, 0.0, 100.0, 50.0]",52.90909091,50,,58.33333333,"[58.333333333333336, nan, nan, nan, nan]","[75, 50, 75, 75, 50, 100, 0, 100, 0, nan, nan, nan, nan, nan, nan, nan, nan, nan, nan, nan, nan, nan, nan, nan, nan, nan, nan, nan, nan, nan, nan, nan, nan, nan, nan, nan, nan, nan, nan, nan, nan, nan, nan, nan, nan]",75,50,75,75,50,100,0,100,0,100,"[100, nan, 100, 100]",100,100,,100,100,56.66666667,100,0,100,0,25,4,"[25.0, 25.0, 25.0, 25.0]",100,0,0,0,60,56.66666667,83.33333333,10,50,,,100,4,0,"[0, 0, 0, 0]",100,100,100,100,,100,100,100,100,,,,,[nan],,,,999,999
COG_000212,Londela Kayes  Centre de Santé Intégré,Niari,,PRIMARY,HEALTH CENTRE,,INTEGRATED HEALTH CENTER,,URBAN,BOTH OUT AND INPATIENT,PRIMARY,4379,100,0,100,100,100,,,[],,,,,"[nan, nan, nan, nan, nan]","[nan, nan, nan, nan, nan, nan, nan, nan, nan, nan, nan, nan, nan, nan, nan, nan, nan, nan, nan, nan, nan, nan, nan, nan, nan, nan, nan, nan, nan, nan, nan, nan, nan, nan, nan, nan, nan, nan, nan, nan, nan, nan, nan, nan, nan]",,,,,,,,,,0,[],0,,,,,,,,,,0,3,"[0.0, 0.0, 0.0]",0,0,0,0,66.66666667,,100,0,,100,,,3,0,"[0, 0, 0]",100,0,0,,,0,0,0,0,,,,,[nan],,,100,4,4
COG_000201,Nyanga Centr Centre de Santé Intégré,Niari,,PRIMARY,HEALTH CENTRE,,INTEGRATED HEALTH CENTER,,URBAN,BOTH OUT AND INPATIENT,PRIMARY,11992,100,0,100,100,0,52.5,42.5,"[50.0, 40.0, 30.0, 50.0]",40,50,,62.5,"[66.66666666666667, 58.333333333333336, nan, nan, nan]","[100, 100, 50, 75, 75, 100, 100, 0, 0, 50, 100, 75, 50, 50, 100, 100, 0, 0, nan, nan, nan, nan, nan, nan, nan, nan, nan, nan, nan, nan, nan, nan, nan, nan, nan, nan, nan, nan, nan, nan, nan, nan, nan, nan, nan]",75,100,62.5,62.5,62.5,100,100,0,0,100,"[100, 100, 100, 100]",100,100,100,100,100,66.66666667,100,,100,0,6.25,4,"[0.0, 25.0, 0.0, 0.0]",25,0,0,0,31.04166667,66.66666667,50,7.5,0,,,,4,0,"[0, 0, 0, 0]",16.66666667,0,0,0,,0,0,,0,,,,3.703703704,"[100, 0, 0, 0, 0, 0, 0, 0, 0, 0, 0, 0, 0, 0, 0, 0, 0, 0, 0, 0, 0, 0, 0, 0, 0, 0, 0]",3.703703704,,16.66666667,12,2
COG_000001,University Hospital of Brazzaville,Brazzaville,,TERTIARY,OTHER (SPECIFY),CHU,UNIVERSITY HOSPITAL,,URBAN,BOTH OUT AND INPATIENT,TERTIARY,9,100,100,100,0,0,80.10416667,76.66666667,"[50.0, 50.0, 50.0, 50.0, 66.66666666666667, 100.0, 100.0, 100.0, 100.0, 100.0]",,53.33333333,100,83.54166667,"[77.77777777777777, 84.375, 86.11111111111111, 83.33333333333333, 86.11111111111111]","[100, 100, 100, 100, 0, 100, 100, 100, 0, 100, 100, 75, nan, 100, 100, 100, 100, 0, 100, 100, 75, 100, 100, 100, 100, 100, 0, 100, 100, 50, 100, 100, 100, 100, 100, 0, 100, 75, 100, 100, 100, 100, 100, 100, 0]",100,95,80,100,80,100,100,100,0,0,[],0,,,,,,,,,,,0,[],,,,,100,,,,,,100,100,0,,[],33.33333333,75,100,100,0,100,,,,100,100,100,55.55555556,"[0, 0, 100, 0, 0, 100, 0, 100, 100, 100, 100, 100, 100, 0, 100, 100, 100, 100, 0, 100, 0, 0, 0, 100, 100, 0, 0]",55.55555556,,8.265424913,859,71
COG_000006,Cnetre de Traitement Ambulatoire (CTA),Brazzaville,,TERTIARY,OTHER (SPECIFY),Centre traitement ambulatoire,OTHER (SPECIFY),CENTRA TRAITEMENT AMBULATOIR,URBAN,OUTPATIENT ONLY,TERTIARY,9,100,0,0,100,0,55.41666667,46.25,"[40.0, 40.0, 40.0, 50.0, 50.0, 50.0, 50.0, 50.0]",40,50,,64.58333333,"[55.55555555555556, 63.888888888888886, 75.0, 63.888888888888886, nan]","[75, 75, 75, 75, 0, 100, 0, 100, 0, 75, 50, 100, 100, 50, 100, 0, 100, 0, 100, 100, 75, 100, 25, 100, 0, 100, nan, 75, 100, 75, 25, 0, 100, 100, 100, 0, nan, nan, nan, nan, nan, nan, nan, nan, nan]",81.25,81.25,81.25,75,18.75,100,25,100,0,0,[],0,,,,,33.33333333,,100,0,0,33.33333333,3,"[25.0, 50.0, 25.0]",0,0,33.33333333,100,62.24561404,33.33333333,57.89473684,20,100,,,100,3,33.33333333,"[0, 100, 0]",66.66666667,66.66666667,100,100,,,0,,,,,,11.11111111,"[0, 100, 0, 0, 0, 0, 0, 0, 0, 0, 0, 0, 0, 0, 100, 100, 0, 0, 0, 0, 0, 0, 0, 0, 0, 0, 0]",11.11111111,,0,22,0
COG_000106,Missamvi Centre de Santé Intégré,Pool,,PRIMARY,HEALTH CENTRE,,INTEGRATED HEALTH CENTER,,RURAL,BOTH OUT AND INPATIENT,PRIMARY,4000,0,0,100,100,0,49.47222222,42,"[30.0, 40.0, 50.0, 40.0, 50.0]",42,,,56.94444444,"[63.888888888888886, 50.0, nan, nan, nan]","[100, 100, 25, 100, 50, 100, 0, 100, 0, 75, 100, 50, 100, 25, 0, 0, 100, 0, nan, nan, nan, nan, nan, nan, nan, nan, nan, nan, nan, nan, nan, nan, nan, nan, nan, nan, nan, nan, nan, nan, nan, nan, nan, nan, nan]",87.5,100,37.5,100,37.5,50,0,100,0,50,"[100, 0, 0, 100]",100,100,0,0,100,46.66666667,60,,80,0,25,2,"[25.0, 25.0]",100,0,0,0,39.79166667,46.66666667,100,12.5,0,,,,2,0,"[0, 0]",83.33333333,66.66666667,,,,100,100,,0,,,,,[nan],,,100,2,2
COG_000101,Nkoué Centre de Santé Intégré,Pool,,PRIMARY,HEALTH CENTRE,,INTEGRATED HEALTH CENTER,,RURAL,BOTH OUT AND INPATIENT,PRIMARY,2616,0,0,100,100,0,53.36111111,38.66666667,"[33.333333333333336, 40.0, 40.0, 40.0, 40.0]",38.66666667,,,68.05555556,"[69.44444444444444, 66.66666666666667, nan, nan, nan]","[100, 100, 75, 100, 50, 100, 0, 100, 0, 100, 100, 75, 100, 25, 100, 0, 100, 0, nan, nan, nan, nan, nan, nan, nan, nan, nan, nan, nan, nan, nan, nan, nan, nan, nan, nan, nan, nan, nan, nan, nan, nan, nan, nan, nan]",100,100,75,100,37.5,100,0,100,0,0,[],0,,,,,36.66666667,0,,100,0,0,1,[0.0],0,0,0,0,41.66666667,36.66666667,50,20,60,,,,1,0,[0],66.66666667,33.33333333,,,,0,100,,0,,,,,[nan],,,40,5,2
COG_000005,Centre National de Référence de la Drépanocytose,Brazzaville,,TERTIARY,OTHER (SPECIFY),Hôpital spécialisé,OTHER (SPECIFY),Centre drépanocytose,URBAN,BOTH OUT AND INPATIENT,TERTIARY,9,100,0,100,0,0,64.58333333,,[],,,,64.58333333,"[58.333333333333336, 61.111111111111114, 75.0, 63.888888888888886, nan]","[75, 75, 100, 75, 0, 100, 0, 100, 0, 100, 100, 25, 100, 25, 100, 0, 100, 0, 100, 100, 100, nan, 0, 100, 100, 100, 0, 100, 100, 50, 75, 50, 100, 0, 100, 0, nan, nan, nan, nan, nan, nan, nan, nan, nan]",93.75,93.75,68.75,83.33333333,18.75,100,25,100,0,0,[],0,,,,,,,,,,,0,[],,,,,39.28703704,,74.07407407,4.5,,,,,0,,[],16.66666667,66.66666667,100,,,100,,,0,,,,37.03703704,"[100, 0, 0, 0, 100, 100, 0, 0, 0, 0, 0, 100, 100, 0, 100, 100, 100, 100, 0, 100, 0, 0, 0, 0, 0, 0, 0]",37.03703704,,100,0,0
COG_000104,Mpoumako Centre de Santé Intégré,Pool,,PRIMARY,HEALTH CENTRE,,INTEGRATED HEALTH CENTER,,RURAL,BOTH OUT AND INPATIENT,PRIMARY,8079,100,0,100,100,100,50.9375,30,"[30.0, 30.0, 30.0, 30.0, 30.0]",30,,,71.875,"[68.75, 71.875, 75.0, nan, nan]","[50, 75, 75, 75, 75, 100, 0, 100, nan, 75, 75, 75, 75, 75, 100, 0, 100, nan, 75, 75, 75, 75, 75, 100, 100, 100, 0, nan, nan, nan, nan, nan, nan, nan, nan, nan, nan, nan, nan, nan, nan, nan, nan, nan, nan]",66.66666667,75,75,75,75,100,33.33333333,100,0,25,"[0, 0, 100, 0]",100,0,0,100,0,33.33333333,0,,100,0,,0,[],,,,,43.33333333,33.33333333,25,35,80,,,,0,,[],100,60,0,,,100,100,100,0,,,,29.62962963,"[100, 0, 0, 0, 100, 0, 0, 100, 100, 0, 100, 0, 0, 0, 100, 100, 0, 0, 100, 0, 0, 0, 0, 0, 0, 0, 0]",29.62962963,,0,8,0
COG_000138,Kindamba Hôpital Comboutique,Pool,,SECONDARY,DISTRICT HOSPITAL,,HOSPITAL,,RURAL,BOTH OUT AND INPATIENT,SECONDARY,43965,100,100,100,0,0,10,10,"[0.0, 0.0, 0.0, 50.0, 0.0]",,,10,,"[nan, nan, nan, nan, nan]","[nan, nan, nan, nan, nan, nan, nan, nan, nan, nan, nan, nan, nan, nan, nan, nan, nan, nan, nan, nan, nan, nan, nan, nan, nan, nan, nan, nan, nan, nan, nan, nan, nan, nan, nan, nan, nan, nan, nan, nan, nan, nan, nan, nan, nan]",,,,,,,,,,100,"[100, 100, 100, 100]",100,100,100,100,100,,,,,,25,2,"[25.0, 25.0]",50,0,0,50,33.25,,62.5,4,,,,,2,0,"[0, 0]",50,50,0,,100,0,,,100,0,0,0,33.33333333,"[100, 0, 0, 0, 100, 100, 100, 100, 0, 0, 0, 0, 0, 0, 100, 100, 0, 0, 0, 100, 0, 0, 0, 100, 0, 0, 0]",33.33333333,,15.38461538,26,4
COG_000215,Kibangou Centr Centre de Santé Intégré,Niari,,PRIMARY,HEALTH CENTRE,,INTEGRATED HEALTH CENTER,,URBAN,BOTH OUT AND INPATIENT,PRIMARY,8592,100,0,100,100,0,57.63888889,50,"[60.0, 40.0, 50.0]",50,,,65.27777778,"[72.22222222222223, 58.333333333333336, nan, nan, nan]","[100, 100, 75, 100, 75, 100, 100, 0, 0, 50, 25, 50, 50, 50, 100, 100, 100, 0, nan, nan, nan, nan, nan, nan, nan, nan, nan, nan, nan, nan, nan, nan, nan, nan, nan, nan, nan, nan, nan, nan, nan, nan, nan, nan, nan]",75,62.5,62.5,75,62.5,100,100,50,0,75,"[100, 0, 100, 100]",100,100,0,100,100,66.66666667,100,,100,0,8.333333333,3,"[0.0, 25.0, 0.0]",33.33333333,0,0,0,42.1875,66.66666667,100,2.083333333,0,,,,3,0,"[0, 0, 0]",83.33333333,0,0,,,0,0,,0,,,,,[nan],,,17.39130435,23,4
COG_000079,Mpita Centre de Santé Intégré,Pointe Noire,,PRIMARY,HEALTH CENTRE,,INTEGRATED HEALTH CENTER,,URBAN,BOTH OUT AND INPATIENT,PRIMARY,20875,100,100,100,100,100,66.45833333,47.5,"[80.0, 60.0, 80.0, 80.0, 70.0, 0.0, 0.0, 0.0, 50.0, 50.0, 50.0, 50.0]",74,20,50,85.41666667,"[84.375, 87.5, 84.375, nan, nan]","[100, 100, 100, 75, 100, 100, 100, 0, nan, 75, 100, 75, 100, 50, 100, 100, 100, nan, 100, 100, 75, 100, 100, 100, 0, 100, nan, nan, nan, nan, nan, nan, nan, nan, nan, nan, nan, nan, nan, nan, nan, nan, nan, nan, nan]",91.66666667,100,83.33333333,91.66666667,83.33333333,100,66.66666667,66.66666667,,33.33333333,"[100, 0, 0, nan]",100,100,0,0,,60,80,,100,0,,0,[],,,,,57.29588015,60,60,16.66666667,100,49.81273408,,,0,,[],100,100,100,100,100,100,100,100,100,,,,14.81481481,"[0, 100, 0, 0, 100, 0, 0, 0, 0, 0, 0, 0, 0, 0, 0, 100, 0, 0, 0, 0, 0, 0, 0, 100, 0, 0, 0]",14.81481481,,,999,999
COG_000200,Passi- Passi Centre de Santé Intégré,Niari,,PRIMARY,HEALTH CENTRE,,INTEGRATED HEALTH CENTER,,URBAN,OUTPATIENT ONLY,PRIMARY,4215,100,0,100,100,100,70,70,"[70.0, 70.0, 70.0, 70.0, 70.0]",70,,,,"[nan, nan, nan, nan, nan]","[nan, nan, nan, nan, nan, nan, nan, nan, nan, nan, nan, nan, nan, nan, nan, nan, nan, nan, nan, nan, nan, nan, nan, nan, nan, nan, nan, nan, nan, nan, nan, nan, nan, nan, nan, nan, nan, nan, nan, nan, nan, nan, nan, nan, nan]",,,,,,,,,,75,"[100, 0, 100, 100]",100,100,0,100,100,66.66666667,100,,100,0,0,1,[0.0],0,0,0,0,48.24774775,66.66666667,100,2.5,0,72.07207207,,,1,0,[0],100,60,0,,,100,0,100,100,,,,18.18181818,"[100, 0, 0, 0, 100, 0, 0, 0, 0, 0, 0]",,18.18181818,33.33333333,3,1
COG_000004,HG de Djiri,Brazzaville,,TERTIARY,NATIONAL REFERRAL HOSPITAL,,HOSPITAL,,URBAN,BOTH OUT AND INPATIENT,TERTIARY,9,0,0,100,0,0,74.44444444,,[],,,,74.44444444,"[77.77777777777777, 77.77777777777777, 75.0, 63.888888888888886, 77.77777777777777]","[100, 100, 100, 100, 100, 100, 0, 100, 0, 75, 100, 50, 100, 75, 100, 100, 100, 0, 100, 100, 100, 100, 75, 100, 0, 100, 0, 100, 100, 100, 100, 75, 0, 0, 100, 0, 75, 75, 75, 100, 75, 100, 100, 100, 0]",90,95,85,100,80,80,40,100,0,50,"[nan, 100, 0, nan]",100,,100,0,,,,,,,,0,[],,,,,,,,,,,,,0,,[],83.33333333,100,,,,100,,,100,100,100,100,44.44444444,"[0, 0, 100, 100, 100, 0, 0, 0, 0, 100, 0, 100, 100, 0, 100, 100, 100, 0, 100, 100, 100, 0, 0, 0, 0, 0, 0]",44.44444444,,,999,999
COG_000110,Mbe Centre de Santé Intégré,Pool,,PRIMARY,HEALTH CENTRE,,INTEGRATED HEALTH CENTER,,RURAL,BOTH OUT AND INPATIENT,PRIMARY,1933,0,0,100,100,100,50,50,"[50.0, 50.0, 50.0, 50.0, 50.0]",50,,,,"[nan, nan, nan, nan, nan]","[nan, nan, nan, nan, nan, nan, nan, nan, nan, nan, nan, nan, nan, nan, nan, nan, nan, nan, nan, nan, nan, nan, nan, nan, nan, nan, nan, nan, nan, nan, nan, nan, nan, nan, nan, nan, nan, nan, nan, nan, nan, nan, nan, nan, nan]",,,,,,,,,,0,[],0,,,,,33.33333333,0,,100,0,0,1,[0.0],0,0,0,0,56.33333333,33.33333333,100,25,40,83.33333333,,,1,0,[0],100,0,,,,0,0,0,0,,,,,[nan],,,100,0,0
COG_000097,Voka Centre de Santé Intégré,Pool,,PRIMARY,HEALTH CENTRE,,INTEGRATED HEALTH CENTER,,RURAL,BOTH OUT AND INPATIENT,PRIMARY,9,100,0,100,100,100,68,68,"[60.0, 60.0, 70.0, 80.0, 70.0]",68,,,,"[nan, nan, nan, nan, nan]","[nan, nan, nan, nan, nan, nan, nan, nan, nan, nan, nan, nan, nan, nan, nan, nan, nan, nan, nan, nan, nan, nan, nan, nan, nan, nan, nan, nan, nan, nan, nan, nan, nan, nan, nan, nan, nan, nan, nan, nan, nan, nan, nan, nan, nan]",,,,,,,,,,100,"[100, 100, 100, 100]",100,100,100,100,100,66.66666667,100,,100,0,25,2,"[25.0, 25.0]",100,0,0,0,47.83333333,66.66666667,33.33333333,12.5,60,66.66666667,,,2,0,"[0, 0]",100,40,100,,,0,0,100,0,,,,22.22222222,"[0, 0, 0, 0, 100, 0, 0, 0, 100, 0, 0, 0, 100, 0, 100, 100, 100, 0, 0, 0, 0, 0, 0, 0, 0, 0, 0]",22.22222222,,100,1,1
COG_000018,Mpissa l’Hôpital de Base,Brazzaville,,SECONDARY,DISTRICT HOSPITAL,,HOSPITAL,,URBAN,BOTH OUT AND INPATIENT,SECONDARY,154945,100,0,100,0,0,50,30,"[50.0, 0.0, 0.0, 50.0, 50.0]",,30,,70,"[58.333333333333336, 66.66666666666667, 61.111111111111114, 97.22222222222223, 66.66666666666667]","[100, 100, 75, 100, 50, 0, 0, 100, 0, 100, 100, 100, 100, 100, 0, 0, 100, 0, 100, 100, 100, 100, 50, 0, 0, 100, 0, 75, 100, 100, 100, 100, 100, 100, 100, 100, 100, 100, 100, 100, 100, 0, 0, 100, 0]",95,100,95,100,80,20,20,100,20,33.33333333,"[0, 100, 0, nan]",100,0,100,0,,,,,,,,0,[],,,,,,,,,,,,,0,,[],16.66666667,100,100,100,,100,,,100,100,100,100,66.66666667,"[100, 100, 100, 100, 0, 100, 0, 100, 100, 100, 100, 100, 100, 100, 100, 100, 100, 0, 100, 100, 100, 0, 0, 0, 0, 0, 0]",66.66666667,,,999,999
COG_000033,Itsali Centre de Santé Intégré,Brazzaville,,PRIMARY,HEALTH CENTRE,,HEALTH CENTER,,RURAL,OUTPATIENT ONLY,PRIMARY,3879,100,0,100,100,100,56,37,"[70.0, 80.0, 70.0, 70.0, 80.0, 0.0, 0.0, 0.0, 0.0, 0.0]",74,0,,75,"[61.111111111111114, 69.44444444444444, 77.77777777777777, 91.66666666666667, nan]","[0, 100, 0, 100, 50, 100, 0, 100, 100, 100, 100, 0, 100, 25, 100, 100, 100, 0, 100, 100, 0, 100, 0, 100, 100, 100, 100, 100, 100, 50, 100, 75, 100, 100, 100, 100, nan, nan, nan, nan, nan, nan, nan, nan, nan]",75,100,12.5,100,37.5,100,75,100,75,75,"[100, 100, 100, 0]",100,100,100,100,0,66.66666667,100,,100,0,,0,[],,,,,49.83333333,66.66666667,33.33333333,19,80,100,,0,0,,[],100,83.33333333,100,100,,100,0,100,100,,,,25.92592593,"[100, 100, 0, 0, 100, 0, 0, 100, 0, 0, 0, 0, 0, 100, 100, 100, 0, 0, 0, 0, 0, 0, 0, 0, 0, 0, 0]",25.92592593,,0,15,0
COG_000318,Enyellé Centre de Santé Intégré,Likouala,,PRIMARY,HEALTH CENTRE,,INTEGRATED HEALTH CENTER,,RURAL,BOTH OUT AND INPATIENT,PRIMARY,25481,100,0,100,100,100,74.71478175,,[],,,,74.71478175,"[96.42857142857143, 61.111111111111114, 44.44444444444444, nan, 96.875]","[100, 100, 100, 75, nan, 100, 100, 100, nan, 0, 100, 75, 75, 0, 100, 100, 100, 0, 0, 50, 25, 75, 50, 0, 100, 100, 0, nan, nan, nan, nan, nan, nan, nan, nan, nan, 100, 100, 100, 100, 75, 100, 100, 100, nan]",50,87.5,75,81.25,41.66666667,75,100,100,0,100,"[100, 100, 100, 100]",100,100,100,100,100,,,,,,25,1,[25.0],100,0,0,0,66.77361854,,100,20,,80.32085561,,,1,0,[0],100,100,100,100,,100,100,100,100,,,,7.407407407,"[0, 0, 0, 0, 0, 0, 0, 0, 0, 0, 0, 0, 0, 0, 0, 100, 0, 0, 0, 100, 0, 0, 0, 0, 0, 0, 0]",7.407407407,,45.45454545,22,10
COG_000327,Mouale centre de santé intégré,Likouala,,PRIMARY,HEALTH CENTRE,,HEALTH CENTER,,RURAL,OUTPATIENT ONLY,PRIMARY,6777,100,100,100,100,100,60.41666667,,[],,,,60.41666667,"[55.55555555555556, 58.333333333333336, 50.0, nan, 77.77777777777777]","[0, 100, 25, 75, 0, 100, 100, 100, 0, 25, 100, 100, 100, 100, 0, 0, 100, 0, 25, 75, 50, nan, 100, 0, 0, 100, nan, nan, nan, nan, nan, nan, nan, nan, nan, nan, 75, 75, 100, 75, 75, 100, 100, 100, 0]",31.25,87.5,68.75,83.33333333,68.75,50,50,100,0,100,"[100, 100, 100, 100]",100,100,100,100,100,,,,,,,0,[],,,,,54.42393736,,100,47.5,,15.77181208,,,0,,[],100,100,100,100,100,100,100,100,100,,,,3.703703704,"[100, 0, 0, 0, 0, 0, 0, 0, 0, 0, 0, 0, 0, 0, 0, 0, 0, 0, 0, 0, 0, 0, 0, 0, 0, 0, 0]",3.703703704,,71.42857143,14,10
COG_000061,Diosso Centre de Santé Intégré,Kouilou,,PRIMARY,HEALTH CENTRE,,HEALTH CENTER,,RURAL,OUTPATIENT ONLY,PRIMARY,3467,100,0,100,100,100,48,48,"[70.0, 80.0, 70.0, 70.0, 90.0, 0.0, 0.0, 50.0, 0.0, 50.0]",76,20,,,"[nan, nan, nan, nan, nan]","[nan, nan, nan, nan, nan, nan, nan, nan, nan, nan, nan, nan, nan, nan, nan, nan, nan, nan, nan, nan, nan, nan, nan, nan, nan, nan, nan, nan, nan, nan, nan, nan, nan, nan, nan, nan, nan, nan, nan, nan, nan, nan, nan, nan, nan]",,,,,,,,,,50,"[0, 100, 0, 100]",100,0,100,0,100,53.33333333,60,,100,0,0,2,"[0.0, 0.0]",0,0,0,0,63.26388889,53.33333333,80,6.25,40,100,,100,2,0,"[0, 0]",66.66666667,66.66666667,0,0,,100,100,100,100,,,,36.36363636,"[100, 0, 0, 0, 100, 0, 100, 100, 0, 0, 0]",,36.36363636,21.05263158,19,4
COG_000049,Mboukou Centre de Santé Intégré,Kouilou,,PRIMARY,HEALTH CENTRE,,HEALTH CENTER,,RURAL,OUTPATIENT ONLY,PRIMARY,5945,100,0,100,100,100,83.81076389,87.5,"[90.0, 80.0, 80.0, 100.0]",83.33333333,100,,80.12152778,"[84.375, 77.77777777777777, 72.22222222222223, 86.11111111111111, nan]","[75, 75, 75, 100, 50, 100, 100, 100, nan, 75, 75, 75, 75, 100, 100, 100, 100, 0, 75, 75, 75, 100, 25, 100, 100, 100, 0, 75, 100, 100, 100, 100, 100, 100, 100, 0, nan, nan, nan, nan, nan, nan, nan, nan, nan]",75,81.25,81.25,93.75,68.75,100,100,100,0,100,"[100, 100, 100, 100]",100,100,100,100,100,77.77777778,100,,100,33.33333333,25,3,"[25.0, 25.0, 25.0]",100,0,0,0,76.05555556,77.77777778,100,2.5,100,100,,,3,0,"[0, 0, 0]",100,83.33333333,100,100,,100,0,100,100,,,,9.090909091,"[100, 0, 0, 0, 0, 0, 0, 0, 0, 0, 0]",,9.090909091,25,8,2
COG_000121,Louomo Centre de Santé Intégré,Pool,,PRIMARY,HEALTH CENTRE,,INTEGRATED HEALTH CENTER,,RURAL,BOTH OUT AND INPATIENT,PRIMARY,587,0,0,100,0,0,70.83333333,,[],,,,70.83333333,"[58.333333333333336, 83.33333333333333, nan, nan, nan]","[100, 100, 75, 100, 50, 0, 0, 100, 0, 100, 100, 100, 100, 50, 100, 100, 100, 0, nan, nan, nan, nan, nan, nan, nan, nan, nan, nan, nan, nan, nan, nan, nan, nan, nan, nan, nan, nan, nan, nan, nan, nan, nan, nan, nan]",100,100,87.5,100,50,50,50,100,0,0,[],0,,,,,,,,,,25,2,"[25.0, 25.0]",100,0,0,0,24.16666667,,33.33333333,15,,,,,2,0,"[0, 0]",0,0,,,,0,,,,,,,,[nan],,,66.66666667,3,2
COG_000252,Gamboma II Centre de Santé Intégré,Plateaux,,PRIMARY,HEALTH CENTRE,,INTEGRATED HEALTH CENTER,,URBAN,OUTPATIENT ONLY,PRIMARY,9498,100,0,100,100,100,68.94444444,74,"[70.0, 70.0, 100.0, 80.0, 50.0]",74,,,63.88888889,"[77.77777777777777, 66.66666666666667, 61.111111111111114, 44.44444444444444, 69.44444444444444]","[75, 100, 50, 100, 75, 100, 100, 100, 0, 50, 50, 50, 100, 50, 100, 100, 100, 0, 75, 75, 75, 75, 50, 100, 0, 100, 0, 75, 75, 50, 75, 25, 0, 0, 100, 0, 100, 100, 75, 75, 75, 100, 0, 100, 0]",75,80,60,85,55,80,40,100,0,100,"[100, 100, 100, 100]",100,100,100,100,100,73.33333333,100,,100,20,75,1,[75.0],100,0,100,100,47.13402335,73.33333333,100,4.375,0,57.96178344,,,1,100,[100],100,100,100,,,100,100,100,100,,,,11.11111111,"[100, 0, 0, 0, 100, 0, 0, 0, 0, 0, 0, 0, 0, 0, 0, 100, 0, 0, 0, 0, 0, 0, 0, 0, 0, 0, 0]",11.11111111,,0,8,0
